PathFileType	4	(X/Y/Z)	pose.trc
DataRate	CameraRate	NumFrames	NumMarkers	Units	OrigDataRate	OrigDataStartFrame	OrigNumFrames
30.000000	30.000000	282	17	m	30.000000	1	282
Frame#	Time	nose	left_shoulder	right_shoulder	left_elbow	right_elbow	left_wrist	right_wrist	left_hip	right_hip	left_knee	right_knee	left_ankle	right_ankle	left_heel	right_heel	left_foot_index	right_foot_index
		X1	Y1	Z1	X2	Y2	Z2	X3	Y3	Z3	X4	Y4	Z4	X5	Y5	Z5	X6	Y6	Z6	X7	Y7	Z7	X8	Y8	Z8	X9	Y9	Z9	X10	Y10	Z10	X11	Y11	Z11	X12	Y12	Z12	X13	Y13	Z13	X14	Y14	Z14	X15	Y15	Z15	X16	Y16	Z16	X17	Y17	Z17
1	0.0	-0.04720467784836699	1.540207141227524	0.29927061231263785	0.15065143151741797	1.4636310522538296	0.16376835416340718	-0.19496362496616687	1.4113137809018053	0.07566011849168006	0.2651178488492783	1.4481401644772005	0.3278867837809656	-0.3003897518770925	1.3250476616671905	0.19208479634879824	0.2895394785710604	1.5775161791947068	0.4625371522679066	-0.2637895244792926	1.4416940855843134	0.3434328354560985	0.11721621933670559	0.9605820996470978	0.016559126754058285	-0.11605316985970815	0.9534184180537799	-0.017005996250077236	0.14469935572281187	0.567442221549325	-0.017862874780893413	-0.13687570071569502	0.5513227207788767	0.15460484984653103	0.17036471751536253	0.30100506789291026	-0.25629678311952253	-0.14651730161671372	0.194491898945358	0.031469775207011545	0.16473660821209296	0.2624601241427521	-0.27557722588337047	-0.14798510195761908	0.14921123499644295	0.01821229870595298	0.158794444368027	0.16867583745856873	-0.19132994416721177	-0.1762308880233978	0.050000000000000044	0.13353164375575816
2	0.03333333333333333	-0.05556697490887975	1.5140593619520044	0.3261514126580665	0.1366321732644502	1.4544196550772763	0.18103588914199772	-0.2021969899191544	1.405477334927099	0.09031739327365845	0.28177289268318545	1.4552461214173118	0.3189064886131942	-0.3274203723831746	1.3400075246759702	0.1833334851586356	0.3324183254371884	1.5864056156983832	0.4681464223050958	-0.35925477406820994	1.4558821074148671	0.3072839939350633	0.11520301776958979	0.9603122784795434	0.01846683072355971	-0.11401483801152537	0.9536044356021907	-0.01884398487464892	0.1621706712974361	0.578174702921296	-0.022577844511886085	-0.15271567473246392	0.5693251809940907	0.13334059013940566	0.19888815313416286	0.3066390650304227	-0.26464067550052517	-0.18008653622907672	0.18640368764330595	0.02005945016202266	0.193761997004926	0.2667496977410859	-0.2841460567604266	-0.18559431883535693	0.13796030653658664	0.009074412569771878	0.18538935510356852	0.1769031094606781	-0.20506346634030997	-0.23497850967655587	0.07158743786150035	0.14066007466943745
3	0.06666666666666667	-0.06379718258102626	1.4881769421717936	0.35110998134886495	0.120755706211054	1.4475990376560617	0.2070512897064825	-0.2069221628895505	1.4016682874333481	0.10902178091605921	0.26498900424534455	1.4574128400178838	0.3441226014575854	-0.35309665128627266	1.3389290552975337	0.16213877931073556	0.3139421717797847	1.5898908494945578	0.5066200995116109	-0.43961844357092167	1.4382542201639523	0.2710053413085366	0.11503794154006405	0.9616087515273123	0.018096072912175864	-0.11383106448651731	0.952192874158946	-0.018369215952883995	0.1835470181489076	0.5834592961531744	-0.019271507638840998	-0.1514931460104757	0.5706322093413507	0.11229715575160888	0.23420475711353791	0.31014324517944947	-0.249166592555696	-0.18874303985247434	0.17852480988084585	0.010405409772149307	0.23060952945833624	0.26911975880627603	-0.2675182293790234	-0.19642657680700787	0.12915148600711368	0.0013647203492878855	0.22462625758253557	0.1825476328682324	-0.1938921167559183	-0.25660798198865337	0.07959338966645468	0.13503774086489845
4	0.1	-0.08029237698720801	1.470059006890912	0.3683160114076177	0.10052621552357698	1.4427892853181448	0.23801337766292466	-0.21252910301558522	1.4007737118310273	0.1270334781701798	0.21263413137534845	1.4508797808684695	0.39943711664090764	-0.37956819610100656	1.3199672097515756	0.1298440422755799	0.2320103245004324	1.5829369811017502	0.5732772544425456	-0.5059958080382974	1.3856040252535486	0.23107824850464387	0.11659502577551488	0.9641311409347039	0.015948731694338303	-0.11536473351166625	0.9495410542187815	-0.016084045946813726	0.20980738013608982	0.5827151408804	-0.00811255570988047	-0.1360482505026781	0.5557354445240271	0.09407588975638359	0.2789248471100573	0.31027206187173484	-0.2062847954659086	-0.17505874742855276	0.17232147508425255	0.002870645748190683	0.27780410280113815	0.2681590903894545	-0.2213280824769864	-0.18318336918613667	0.12430396792866683	-0.004706588757924865	0.27827575012932315	0.18544422745465539	-0.1507011561984186	-0.24447990346464893	0.07677425022161843	0.11893263106188606
5	0.13333333333333333	-0.11376036388989119	1.4705533033026097	0.3719782644420932	0.07730830652784093	1.4384412186831597	0.26157123271729593	-0.22425535139566014	1.4052331097721253	0.13363507812616932	0.15520470069255757	1.4375328492946187	0.4488705362524516	-0.40981822049664995	1.3011906990271167	0.09464820673322909	0.14229819702777025	1.5639828442777386	0.6329999156909324	-0.5711904691241669	1.3271830780232048	0.1808855228090763	0.11819453759774695	0.9652366569136563	0.015496403686157876	-0.1169323399030456	0.9483567712786789	-0.015493331271472515	0.23797765371094015	0.5803304909015525	0.006914909094947445	-0.12528141173572743	0.5422874404820983	0.08377152928035753	0.3294241468538876	0.30593680919847643	-0.14860224608813427	-0.162689348786687	0.17194362750323278	-0.0007132794929939909	0.33058471461967887	0.26237585759161497	-0.15835287555393598	-0.1711420449529864	0.12569385823141	-0.007189829270272001	0.33591888124991354	0.1863376490430878	-0.08325917390572866	-0.23321151818803176	0.0804031306794295	0.10913277527756896
6	0.16666666666666666	-0.15411871110774827	1.490649205395298	0.36518264053476507	0.05992337406756966	1.434307996968149	0.2709152068540993	-0.23984127735936872	1.4176189514810968	0.1268190117405559	0.12803068221872882	1.4251531767778225	0.46487942099757423	-0.4400561328858652	1.3051305163778204	0.062249719893736885	0.10426780538335668	1.5355803488468787	0.6606635044301581	-0.6377894834245309	1.2957084353679027	0.12010388551561053	0.11874026933462645	0.962523393003566	0.019096418917141606	-0.11745989980098902	0.9510851193455874	-0.01899245169629922	0.2633132290250572	0.5814413584352178	0.025208592422347922	-0.13161280666691916	0.5469014542878368	0.08526826096589675	0.378141256883846	0.29700686365843476	-0.08877393346788132	-0.16650666282257015	0.1812880057329721	0.004165953407997438	0.3804901293926068	0.2515480010272063	-0.0924423788911027	-0.17612379175860243	0.13560244531405974	-0.0012823751326624404	0.38521999098708404	0.1852860741496115	-0.0038417799614042835	-0.2447722124731288	0.10322297121554791	0.11998758435864065
7	0.2	-0.16957189385023277	1.5161096280844388	0.3607856072974506	0.06008439857272421	1.4298740029414063	0.2702827045520969	-0.2475921670192877	1.4324360378383592	0.1210196851925537	0.14223245832029688	1.4177430482233704	0.4537310161839998	-0.45509309815257853	1.3301375649672442	0.0400284871809299	0.13117967758502003	1.4995444007359886	0.6647404040643573	-0.6813041465050024	1.2902287241713974	0.06267517283438379	0.11869519101628226	0.9570820988071423	0.02381052984868263	-0.11742456238920948	0.956596045043812	-0.02366985481456254	0.2792770172661629	0.5871578505735306	0.045774276312346596	-0.14731302700071283	0.5677220010587736	0.09617335372411559	0.4126806538066629	0.28537585428454104	-0.036796708483649104	-0.17766719918410637	0.19748534534672102	0.01861600874092477	0.41528181675946646	0.23801764531058023	-0.035514702889327586	-0.18855192711618046	0.1512475582763556	0.01427556231400857	0.4160786681958905	0.1815782167099228	0.06964622555660153	-0.26610300691877653	0.13743923216810972	0.1469814282267673
8	0.23333333333333334	-0.13565499839940476	1.5302833822988957	0.36968368950857067	0.0825109596381741	1.4217922383101094	0.26808922675314933	-0.23649555188167976	1.4355844710198438	0.1315837522731535	0.17945684395472347	1.4071368535114752	0.44235501764306506	-0.4359957121115569	1.3448990251779975	0.03616664457695091	0.18527137860509935	1.4540083894539868	0.6707171557413009	-0.6620609675488468	1.2741121851299648	0.02570854756122592	0.11879000363755803	0.9528114147487416	0.024211361118669932	-0.11752910469357773	0.9609198582569071	-0.024111532068181587	0.27450306585886963	0.592870426053874	0.06040237615971541	-0.15556827076545515	0.5870526048415687	0.10749853085102054	0.41149538368139404	0.2715052687342264	-0.005940847483837911	-0.17911201483080907	0.21001955143571616	0.03440650549894704	0.4137731966800625	0.22269231794931255	-0.002401354035623369	-0.19014964420360622	0.1631319600694171	0.031019562999208158	0.4111896466405297	0.1720460724914158	0.11397344337980987	-0.2717120670033621	0.15995255577864176	0.16974956894261103
9	0.26666666666666666	-0.06847206298198738	1.5295610506811737	0.38988670797236463	0.11868130725713735	1.4071658690589073	0.26909258005054487	-0.20911352146895548	1.4194835556412342	0.15348412984098106	0.21162979800213297	1.3825186279366029	0.4489707965210179	-0.38010811409673206	1.32231949617288	0.04587489700901997	0.21773578302385366	1.4016302613284162	0.6912718414139734	-0.5672328729961003	1.2173105309937071	0.010344602651070253	0.11868908630601006	0.9520883952080001	0.019768908040185034	-0.11739784706206796	0.9616742821164451	-0.01977329055199584	0.24000629596042067	0.5920370694580348	0.059906907826570634	-0.15053678254315817	0.5898657414662726	0.11056276385739025	0.3574342134554641	0.2522625718810231	-0.004714284935170132	-0.16752375641662798	0.20912583299383047	0.03963196006326841	0.35846358718546173	0.2023157778150907	-0.001424863900276896	-0.17751566285217182	0.16188660929519316	0.03663881675885275	0.35293459703510954	0.15197625532192538	0.11916590024529192	-0.2565850922726917	0.15404438684874966	0.17270820417701058
10	0.3	-0.015247271618522407	1.5217667434965236	0.4091187155601571	0.15088351428514918	1.3906407894584443	0.2710299703039149	-0.18244644439547544	1.3952520550027865	0.16665006676368865	0.2258576006541835	1.350457738957043	0.4665505099797609	-0.31347490216494367	1.2719442664636222	0.051904549429313586	0.21806365365734515	1.3607283490689404	0.7149746820346891	-0.4407350543425585	1.1325059203672074	0.004240757698191576	0.11759473693595182	0.9535392979399815	0.01546273801234826	-0.11624017302624708	0.9602772425142144	-0.015582964547873336	0.18667751237790725	0.5834332006677634	0.0475140702373553	-0.14014567739221254	0.576648238378905	0.10455832357749066	0.2684063842987879	0.22812098235669143	-0.02143970760993257	-0.15281279999287223	0.1952033850348689	0.032330748581341516	0.2670909203859871	0.17708180199998125	-0.019018444328371693	-0.16154340350964477	0.14755066448622223	0.029234832301918146	0.2570392608404626	0.12381137835218936	0.10398879045960722	-0.23630820951755727	0.1252791155523567	0.16044914028385363
11	0.3333333333333333	-0.00421051328948664	1.5139112863119721	0.4154225657019373	0.16603504762545848	1.3845848335505502	0.2638470741977792	-0.17239680830992196	1.3826854840359053	0.1631142633168738	0.23238206176174905	1.3358738634771543	0.46676820916578865	-0.2730609571633939	1.2262497665116165	0.0466837158733957	0.22416321797701025	1.3569179596730219	0.7152169109177879	-0.35357031775269737	1.0575674821562244	0.0017269475761073042	0.11557605323333292	0.9544127831647318	0.013632035210937959	-0.11418676280469157	0.9594642829545268	-0.013825106632815849	0.144641652974882	0.5740100032300544	0.03814542299511186	-0.1305644637176308	0.5595542786600984	0.0956281223410867	0.19736272717347256	0.20925961604895604	-0.030256958817675286	-0.13909580818038994	0.17946436492443774	0.02436222730570536	0.19376957225595937	0.15755565737995003	-0.027658208774267855	-0.14691571463569342	0.13135447318324267	0.02150590747018787	0.17900493705947151	0.10215417799581406	0.09926162445864922	-0.21932632219950016	0.09659682067692188	0.1506618528589657
12	0.36666666666666664	-0.016444764770449694	1.5081977344708832	0.4043407002692503	0.16663207259662122	1.3981634258384381	0.23558609131505726	-0.178033194562267	1.3893980201735707	0.15686100347996423	0.24954783466437772	1.3546830906615765	0.42081704798089	-0.2715898325250113	1.201764698353485	0.04276882443484661	0.2777346833385259	1.393303191761411	0.6675778295847115	-0.3372952063481422	1.0112833418098186	0.010400711461982366	0.11351664094747363	0.9536856723513195	0.009884269406813952	-0.11217431903534342	0.9601750016553974	-0.010099745241011324	0.13384095664079682	0.5722771522742425	0.041367915736224815	-0.11695524427056528	0.5503895567360697	0.08878787175654199	0.18193952545773484	0.2062542294656068	-0.01788608786029017	-0.1166108103372667	0.17452316343543295	0.027880570163694104	0.17766863956192305	0.15510855132029888	-0.014182118847067932	-0.1232574481251789	0.12662370059267125	0.026466684521828175	0.16123651624418933	0.10169863433650972	0.1155049288463042	-0.1940362312283057	0.08849590544591746	0.15393496474092205
13	0.4	-0.018675057752709275	1.5062076943870166	0.38072178650651534	0.1634372523784423	1.4256645598073487	0.18611662812282836	-0.18626043141860527	1.4037706055752253	0.16362092398498243	0.28050098755541786	1.3898210004901044	0.3257951050112452	-0.2867782017392123	1.1882055013578088	0.0578909938852732	0.37206416868855385	1.433302696868919	0.5664079806006632	-0.35753266335356254	0.9833975372186743	0.04238319208459075	0.11181517480738214	0.952447467544341	0.0001429211953825403	-0.1105758333493692	0.9613056099836417	-0.0003640402032637677	0.14363567583118497	0.5787701417970705	0.05001671005903191	-0.09380861885827317	0.5526367870227453	0.08435787352784657	0.20652516281779196	0.21601629362461294	0.0032541114607438416	-0.07717379540799255	0.18346381808367318	0.040963170359713634	0.20329049834646598	0.16666559659213243	0.007923765856179467	-0.0815657200937589	0.13679176609886867	0.04184605944357944	0.18774771109079186	0.12050846155228123	0.13614804094388272	-0.149136849445592	0.10324403006717309	0.16447728105365592
14	0.43333333333333335	-0.010631101671604934	1.5084661121689593	0.3563890984055373	0.15712513993028854	1.4481154011040092	0.13288147719173923	-0.19129005251191397	1.4063518413168263	0.18239824541612085	0.30618174794765196	1.4037744934844656	0.21179205260206843	-0.2885208782655969	1.1707354441176105	0.10141410216060459	0.45546237444833076	1.4258709118573845	0.4288551363928206	-0.3558512980945673	0.9613297508013424	0.111791108497527	0.10964656830301846	0.9525043655827421	-0.01229148502901186	-0.10846535969595007	0.9611807636156822	0.012063225022661455	0.15170847281948502	0.5848308835722072	0.048692564313677696	-0.06771798496775913	0.5614818970506038	0.08375184878044885	0.23160064994300214	0.22403724163213345	0.012215564513932292	-0.030525406746786294	0.19856658290252316	0.05188228436933256	0.23005293595645496	0.17658411684539788	0.017637818049458184	-0.03177662364260712	0.1535216067761136	0.054244313469454616	0.21418422965507672	0.14166233860363242	0.14178358490279677	-0.09558497720043742	0.1268648165213998	0.1706108373154513
15	0.4666666666666667	-0.019894083406220165	1.5105780125549897	0.3423958415896454	0.13676127544929498	1.4497122121823427	0.09606600362669848	-0.20048268602024216	1.3869151535303388	0.2022110203871675	0.30525082996480984	1.3778994358202614	0.11669989741784105	-0.2695258098089657	1.1483106407403754	0.17414926204765124	0.48762631955073343	1.3561328417785525	0.2832603814391548	-0.30841603541073026	0.947078971055248	0.2308550946273518	0.10591335144358072	0.9549700651984074	-0.020837975835502127	-0.10465926342629699	0.9588328902367949	0.020627310820046808	0.15320327969542455	0.581158409306032	0.030346823098723733	-0.052650802838076896	0.5694852763614933	0.09362327662636115	0.24442639629011131	0.220161305579059	0.002953900085775282	0.002636537543448421	0.21061260362624334	0.055213118358511476	0.24459409791719405	0.1735459566388402	0.010051212291652857	0.0044352885128277585	0.16685147035812986	0.056685770348984366	0.22607107663319975	0.15078607356424134	0.13126814109491988	-0.05726598407255213	0.1444586075051768	0.16901860156165432
16	0.5	-0.05352478666358396	1.5073069667989532	0.34027842249300855	0.1012187035562617	1.4339585289434635	0.07882340401704184	-0.21693988215538615	1.3545952436704893	0.21775298720304245	0.279928191709841	1.3367001194938566	0.053973211634428	-0.24535604339522088	1.131544609054505	0.26497608871950296	0.4782004347746016	1.2724258488118494	0.15763054774862076	-0.24275310411218984	0.950317818906135	0.3875768842285627	0.10088113226263058	0.9592346425426929	-0.024468906935110075	-0.09943754978976067	0.9548488964881001	0.024337061336220808	0.15874717497477764	0.5667986634688398	0.0018778222751955121	-0.05424977272943356	0.5727441578300465	0.11730251592773394	0.2586287121403233	0.20718168269844073	-0.013873952772184013	0.01126952935766962	0.21705183697523633	0.05628316677711921	0.260592770286655	0.1603406248035587	-0.003712584605269	0.015345859625705893	0.1742377279886499	0.05460076987087227	0.2407245299870983	0.14703930382068275	0.11596682035710767	-0.04479183029497779	0.15206526679021792	0.16445745190360847
17	0.5333333333333333	-0.0768542877722593	1.502022263574507	0.3417950021311333	0.0713319451241518	1.4216127494039101	0.06666332300241375	-0.2253944140680683	1.3322173679832798	0.23153960064314294	0.2550475696018432	1.328276562940224	0.007224003905027085	-0.23045877620458088	1.1325756782104839	0.34696226103483896	0.4626482400046215	1.254809978190954	0.07449498133920109	-0.20385601101117373	0.9811926768628342	0.5332631887385242	0.09618318040486587	0.9630500230844039	-0.0285897133583902	-0.09453304007580454	0.9512911754996941	0.028587639549623917	0.17197301938347276	0.5500697754238979	-0.02481084295604055	-0.06357886126465388	0.5722705844009365	0.1421243663571729	0.2780076773618746	0.19464880367160686	-0.026959030368585712	0.0019596586669217235	0.2201953076489781	0.05916575352585993	0.2815164931372295	0.14751441331832105	-0.013797474760221822	0.007413890722449114	0.17837467018568498	0.05389988840889691	0.26526366368562565	0.13902024422639336	0.1012480519117716	-0.048241866739155946	0.15535205709111488	0.15832582548726645
18	0.5666666666666667	-0.05148685248801087	1.5063722529966297	0.3377390139101297	0.06939739267952014	1.4303283332951438	0.044655307860055116	-0.20612388319021982	1.3362004484175956	0.24508086360519463	0.24941792044851777	1.3756184635390434	-0.0477945836622056	-0.2212789536212403	1.1563824823587125	0.39219528814877974	0.4550973672082924	1.3406364386951175	0.038840995025899765	-0.2057688709680384	1.047392652564774	0.6139277737762804	0.09282792907532329	0.964365256360228	-0.03763333455463531	-0.0910500044388731	0.9500601625180126	0.037736191172748235	0.18361880960159044	0.5414056981584991	-0.044147405104314384	-0.06637679547255164	0.5704825354748748	0.14361395231721785	0.2883284926158736	0.18878440596061008	-0.0351574375741971	-0.010842014596425628	0.22084108735607977	0.057964972359768704	0.29237585367324254	0.1421243910097303	-0.02107273714071832	-0.005009592508167844	0.1799835062963242	0.0508464958278472	0.28345964354158215	0.13562687243203042	0.08172606299808553	-0.05284331739636089	0.16049393211798157	0.1445606053240256
19	0.6	0.016694204687328094	1.526978620295825	0.3257941747094241	0.0908925012019982	1.4568898690853858	0.011362708266811627	-0.1613212404640805	1.3613020586432285	0.2540291405740402	0.2547736860849883	1.4487013908293527	-0.11854275668679802	-0.2046383919452634	1.1960642756224413	0.3937130606476747	0.4410375723138014	1.47788206909002	0.025276880073621468	-0.2185268461085851	1.143449801860217	0.6131720636315191	0.08994829457286699	0.9633640504881981	-0.049626225643090806	-0.08816373377099425	0.9510041520476795	0.049722794008556156	0.18587196754082452	0.5445938095955452	-0.05832516058674521	-0.05662759276382888	0.5683070917504314	0.11014924302983502	0.28206640980571557	0.18915818720894761	-0.04313581182800538	-0.017144627071723345	0.2171920290806837	0.045506975018904335	0.28559382078919	0.14360492767169886	-0.030490241667789245	-0.012018634450449468	0.17672050511527515	0.03901823487747924	0.28289041098129214	0.13948353207400543	0.05353296095310804	-0.052568858819554906	0.167043595530605	0.12004613320584176
20	0.6333333333333333	0.08287824221024613	1.5552890608471068	0.31069928206122976	0.10730432289079316	1.4811535788495962	-0.022352811431677163	-0.11774695632926735	1.38767811855087	0.2533985254851654	0.24752868354001803	1.4916667787039857	-0.18913697580268268	-0.17901656305581534	1.2372768394105258	0.3655831308689644	0.40944230743436355	1.5666781552412616	-0.007990827852250856	-0.20689932152636073	1.2447034958014342	0.5520156276849266	0.08615106035050542	0.9623966101505992	-0.05899606309244307	-0.08448289208916808	0.9519259106188248	0.058976492444361546	0.18159127695740102	0.553631782339703	-0.07017471027984946	-0.04165571436213292	0.5662313985068317	0.06190712975937924	0.269580948361021	0.19198477114240597	-0.0526242002316606	-0.016182648433699008	0.20917355820048722	0.027785439084069184	0.2724060283042541	0.14731098142069077	-0.04208154878401313	-0.012291264517531809	0.168209412861262	0.023165212532299025	0.27196208739604155	0.1440302627017771	0.023659948112020816	-0.04891625665354441	0.1677830966873427	0.09520908403310385
21	0.6666666666666666	0.11430971282368628	1.5747385402184908	0.29884130567469336	0.0977262903696695	1.486339262452124	-0.043999306943565436	-0.09942540621847752	1.4011119454908265	0.2454299958632251	0.21769045286559238	1.4774608158397964	-0.2359346614514224	-0.15991903385522604	1.2706189578157698	0.32393872317121253	0.3733003074736077	1.552933457692101	-0.08160510929988218	-0.17483649754876437	1.3247072284091692	0.45524190879183085	0.08148339042786626	0.9636281199539326	-0.06308232037471316	-0.08001643370913748	0.9507654200883834	0.06295368928799422	0.1776438794400625	0.5581570092951617	-0.0790932554973024	-0.03454312103613991	0.5662365344896292	0.03657242101675922	0.2620043023437755	0.1943970028679458	-0.061789086585948005	-0.01394092512434849	0.2008392201685234	0.022425089952007336	0.2645745696210828	0.1496873517178967	-0.052274507022673104	-0.010601204776451543	0.15886038561510085	0.018891170006689318	0.2640560934136251	0.13839618707624501	0.0028416303464900224	-0.044731198978739506	0.156236566636754	0.08785489041634685
22	0.7	0.12117926705275835	1.5774093016305422	0.291476428682452	0.0707825225631593	1.4732331667397762	-0.04941474941496815	-0.10283818157355383	1.403686329100935	0.23786175634179205	0.18130276442922583	1.4307752519198615	-0.25014392937001084	-0.15911314994381723	1.3005503395876477	0.27472054391795486	0.3541277608499538	1.4737353062602647	-0.17483154071267146	-0.15625009718559402	1.3793127177257876	0.33262014303809484	0.07720396854320431	0.9665004315137312	-0.06413831319617122	-0.07593330874075062	0.9480446413081283	0.06401808076585203	0.1747881731740794	0.5530828775997322	-0.08450991228103086	-0.040145193165496855	0.5708056991721888	0.05211661667942466	0.25568203437891407	0.1959761426469413	-0.07075802860076946	-0.015497252539457301	0.1975669940436373	0.039629327576736394	0.25803452808025507	0.15048561090815293	-0.0610976806533936	-0.011226014340501175	0.15473499872384877	0.035499993395368586	0.25744872693225734	0.12017127113461767	-0.00771960321661303	-0.04145847793377767	0.13660573516362928	0.10467933065433355
23	0.7333333333333333	0.13461828876639517	1.5702532881643676	0.28148331383613917	0.05241966055725187	1.4556964330422952	-0.04580257126513633	-0.10318427146647725	1.4073097734086835	0.23322408521952506	0.1629270076613205	1.4008017022973505	-0.24432596349346353	-0.1637410227902158	1.3416032583319213	0.2178330284333814	0.3549514706681725	1.4143250772008646	-0.24662386615911777	-0.16284515830028035	1.4267191437100502	0.18820555046236717	0.07360789743479904	0.9677334813385005	-0.06569262633842929	-0.07244471640098107	0.9469090983965197	0.06565296826870112	0.16612341517530704	0.5429759981902373	-0.08904383557101214	-0.048293845944741134	0.5802083659733819	0.08968428735401311	0.23746740243248027	0.1972217955439186	-0.08261641463160085	-0.017240778607794122	0.20137270066017254	0.06986513260715246	0.23884908288296608	0.15109790507721366	-0.07284983784718205	-0.011031572813098503	0.15826845040251358	0.06421957125488983	0.23754306409015896	0.10162726998801341	-0.017379353350808525	-0.03691782425038652	0.12410566458026051	0.13357956662197423
24	0.7666666666666667	0.16751717601475388	1.5652438188923588	0.259736924654227	0.05582034060476122	1.4457858828800825	-0.04535745530286385	-0.08303709542397653	1.4196875615079136	0.2253558271561943	0.16788863497522927	1.4160804538152196	-0.23730368541404895	-0.14672596463727708	1.4013339636870115	0.15781382019883583	0.35457869464406633	1.429914938982706	-0.2741711424693872	-0.16201684112755213	1.4835037533631221	0.03712954056775096	0.06900936126395311	0.9646768178038881	-0.06898288015097302	-0.06787121190328409	0.9499070632259906	0.06893758166357919	0.14469061450343365	0.5361677509297886	-0.09547488536939493	-0.04360155027413851	0.5916848976975666	0.11807321854535549	0.19989778285051385	0.19714547235768065	-0.09753906011433139	-0.009207022347111845	0.2088356340181331	0.0960872208226965	0.199462151661824	0.1512484066804861	-0.08856679708616275	-0.0013019463904452625	0.16592095567277942	0.08925940623308987	0.19529300045582876	0.0975954127638563	-0.03316638293409762	-0.0249569015245044	0.13072843147531765	0.1584186553453253
25	0.8	0.20390032652801524	1.56754454719606	0.22737055564773437	0.06954106304976632	1.4443407337032943	-0.054484137508032625	-0.05077974341553363	1.4360543637882628	0.20888096975247672	0.17858020488920118	1.4592162997723257	-0.23764923799117085	-0.09970851908651793	1.4621443551990925	0.10663882242017858	0.3331043992566412	1.5021364946207136	-0.2678279923376479	-0.11798924074069658	1.5430132572125563	-0.08988586920485925	0.06229785045548575	0.9586021543187309	-0.07277338077328738	-0.06116824355866322	0.9558100353969979	0.07257446097243536	0.11393565712157637	0.5354137681824713	-0.10228121485194622	-0.02386326271512407	0.60125292097631	0.12754028941181708	0.15134941324215184	0.19359048019000102	-0.10969490624536135	0.009952819744283694	0.21375565139020825	0.11396821897655003	0.14902562542895423	0.14853026024183535	-0.10191117573357493	0.018415913813899586	0.170962838076804	0.10699053186083443	0.14178227245233363	0.10843680776791642	-0.050044323505246326	-0.004789358031873482	0.1513384693364742	0.1778344787633268
26	0.8333333333333334	0.22027090124193954	1.5743147300802431	0.19813682335564192	0.07678644511719158	1.4441264426700866	-0.07002922817051603	-0.029530871139591634	1.4447063523317354	0.18628998791430285	0.18146457599390955	1.4807066646815947	-0.24383628985095915	-0.047102853939560305	1.4868525870032259	0.07289745934905537	0.30426575345311796	1.5599748956535908	-0.2523668204386093	-0.04228959389179672	1.5787027870073664	-0.16387060313123708	0.05645575039087552	0.9535378050512403	-0.07486520356639656	-0.05532557562157072	0.9607499406227216	0.07449141108720353	0.08959139245089398	0.5362772328141296	-0.10461645140666388	-0.005780054367340923	0.6060713318742583	0.1310795872274167	0.11306620482533954	0.18693071458276744	-0.11338088634421786	0.022591493622416827	0.21274128695694094	0.1325852331177347	0.10965497967911537	0.14239631674425912	-0.10609806281546427	0.03029116444321237	0.16944365175595144	0.12676552820715256	0.10338396859285427	0.12065027487260083	-0.05774128690137571	0.007958175473871879	0.16830989306136734	0.20314293556574162
27	0.8666666666666667	0.21097379181792844	1.5811603966239416	0.18440350888686988	0.07725306998110268	1.4398086106536037	-0.08530034224410778	-0.030680671799754096	1.440840415074348	0.16378694008331363	0.18565652045973458	1.4453140313186732	-0.25262038497260464	-0.02197144874648053	1.4549418812155803	0.05168377133283019	0.3076820645400272	1.5463069411117054	-0.2426054933663255	0.012702209086929572	1.5716870780583085	-0.183569987588196	0.05633830567722006	0.9519261741269037	-0.07369860875503265	-0.05513563003131648	0.9623918265888598	0.07328776033135243	0.08496912721741215	0.5344192145354407	-0.10031140638665526	-0.007666498293354071	0.6057592563994126	0.1398128140202516	0.10033161993800913	0.18215056421135245	-0.11067909690922653	0.006740502507157128	0.20815025700380407	0.1582253386798651	0.09676352973358429	0.13734222405023477	-0.10311748706607246	0.01260629055700734	0.1636292430314683	0.15494626919273094	0.0962484526996714	0.12355314488238311	-0.05593675537872431	-0.008356160506881115	0.16957626972856354	0.23861992918486488
28	0.9	0.19159614225164828	1.587418099130068	0.1812326791309732	0.07915013349250768	1.433361194113242	-0.09626139241577623	-0.04185863305508977	1.4325755815370695	0.1459125951732917	0.20113239828199395	1.368586315844087	-0.26012136254263485	-0.029475156402585915	1.3914321076252782	0.03253686788691332	0.35491448970791767	1.4686156112020443	-0.24025179858421794	0.013486544026518568	1.5344406021187518	-0.17736179429575671	0.059955295107076124	0.9527113585311651	-0.06961877721079636	-0.05860309364103609	0.9617277328188608	0.069309311899178	0.09252278706735181	0.5320306877533336	-0.09438718474228948	-0.026197437761734183	0.602171390898633	0.1499739652285076	0.10390945239139858	0.18524017856840325	-0.11002060528448268	-0.033830132709073424	0.20488287110477266	0.18668755590392663	0.10053758028029232	0.13986825692809213	-0.10256659305214641	-0.03025460305583042	0.15903414018258555	0.18682616216098996	0.10503147768715841	0.12016046235152666	-0.05881060017905986	-0.051496569386069065	0.15833912748666823	0.2710653263929425
29	0.9333333333333333	0.1794707081456455	1.5968039283676316	0.16715744435595783	0.07547797588703939	1.4298226286137536	-0.10219268678559604	-0.040609219456451684	1.4323499903146237	0.13519291713604942	0.20888694042732184	1.2999467408139092	-0.2600647243258361	-0.037227823168677114	1.3471519174165794	0.015061423650219388	0.3987399656568989	1.3816843551819888	-0.24624749295231557	-0.00879561444272552	1.501525997587219	-0.1744345741876512	0.054866730178575095	0.9534923120977242	-0.06464071643502518	-0.053405108796082165	0.9610120767558968	0.06442333837032894	0.0871451454742103	0.5354902924313352	-0.0963448983367467	-0.035707017440047825	0.5976141459998608	0.15295792738846548	0.097155368011297	0.1974236106455497	-0.1179019577918357	-0.06329764602057576	0.2048230335857555	0.2120830228347297	0.09394447539332199	0.15204690276645594	-0.11198011214333956	-0.0615585874547797	0.15840300584045397	0.215506526301216	0.09567022322490969	0.1209906548188433	-0.08320087555975406	-0.08587456645820406	0.1455447223369658	0.283269204369503
30	0.9666666666666667	0.17591785467124085	1.6133506393688684	0.12435625837774525	0.04636272423095584	1.4300930867603086	-0.1044595228313817	-0.01687153272601066	1.4447125487425956	0.13146262850849777	0.17531876120979883	1.2704189975789142	-0.2490518942114846	-0.006462429191135546	1.3486562523555394	0.008389464833226255	0.3792331095505379	1.3273933440992978	-0.26509263973093505	0.013741202929829218	1.4952226122848273	-0.18008319248633528	0.02970061405422168	0.9530403120269207	-0.06069790526189939	-0.028290375683058092	0.9614233349807828	0.06044184182486796	0.05292334055105402	0.547423382082648	-0.11157590566213127	-0.014893839519625439	0.5929611671441728	0.1480994645746362	0.06440354216083923	0.2138622480886081	-0.13425777458221136	-0.04841714516299463	0.2055413876728992	0.23515177272565227	0.061614946528313286	0.16922643057150577	-0.1309874153055103	-0.04739679515350753	0.15957587437733378	0.241073406620442	0.05192185211394986	0.13097517764050426	-0.13271205830095464	-0.0760226720694345	0.13727760957377866	0.2747082223405857
31	1.0	0.1693556342138169	1.6352175041390495	0.058482641068552964	-0.011929939953874466	1.4300465079026818	-0.1057419667932861	0.019537027299661995	1.4634318802619104	0.12954686202495166	0.09504544550239732	1.2682888349364112	-0.2320492665896586	0.06594322028765089	1.3761606835297957	0.014840964518561973	0.2896558969249211	1.305429374381344	-0.295023748878201	0.10740476562081408	1.5046040371113332	-0.18366831070054465	-0.010539238187391907	0.9515468329274456	-0.05840416481234554	0.011765252807145594	0.9628547652408325	0.058012473576078825	0.0023024273592538846	0.5635824398372746	-0.13613380314434653	0.029466671698599598	0.5882659943755633	0.1419121936502453	0.017174952442786384	0.22871473898497896	-0.1554555032424032	0.004847308027688269	0.20464167872427685	0.258257575372495	0.015417999838965954	0.185026956656831	-0.15468136936295154	0.006149614222886606	0.15960830410786453	0.2659301028182301	-0.007106012087026137	0.14609040369234638	-0.19398373762617496	-0.02495631597898694	0.1323292292531273	0.26182914445804095
32	1.0333333333333334	0.1496076419251965	1.6536849419275963	-0.006748395500279674	-0.07586558166415183	1.4258642044070793	-0.10824711603484602	0.05223408188303175	1.478547592807819	0.12064314010636898	-0.0008028722673761347	1.2645771889288238	-0.2179320626784686	0.14445155107029603	1.3914621187050678	0.02058866621041072	0.17278328454261024	1.2966337692966263	-0.3217654683392569	0.22424742159729857	1.500595271944018	-0.1837948411304369	-0.04694156223050508	0.9496864805225874	-0.05717246725186755	0.04801166384076816	0.9647261665271738	0.056691845556258516	-0.036619656851280234	0.5788994920246915	-0.16183868593234957	0.07110571367218928	0.5855657244250458	0.13831789025832875	-0.018855461658107746	0.24153129065496126	-0.17955470015796526	0.059448266992580046	0.20443800853969674	0.2764218435263327	-0.019260444180990946	0.19857667144695113	-0.18017099481078383	0.06123944946568335	0.16011597527268473	0.2852392933973747	-0.047313619224146695	0.16295923831204673	-0.24939399435574947	0.031554441491070076	0.13042860101167164	0.25640875291095316
33	1.0666666666666667	0.11677842465410825	1.6607814493011699	-0.05457755433208625	-0.1183131592534066	1.4182766485323346	-0.11169810137972094	0.07496828410644885	1.4849275817815615	0.09911213294297377	-0.07890460729650553	1.2470307638231442	-0.21020665869986704	0.1958321990361669	1.378380570013931	0.007550258711210765	0.06556765301769163	1.2915780053625043	-0.32888212403176054	0.29922798841061266	1.4686081640899826	-0.1942244190534164	-0.06564277835137536	0.9481141240286466	-0.05576590080347199	0.06671358910546925	0.96637983575381	0.055340387234290425	-0.04918212535174582	0.5935373674959687	-0.1851079827513942	0.0924890989343424	0.5890697573314417	0.13359176243575113	-0.028987362107866982	0.2568430837573782	-0.20695385943651795	0.08723793543917509	0.21075701810697445	0.2799970490666794	-0.028354115674196458	0.2145772834517975	-0.2079318361816592	0.08889052254209438	0.16675394634116547	0.28925786949498866	-0.05274348138618925	0.1854121797960392	-0.2920048497336656	0.0638182436218646	0.13713919510215367	0.2517112484658911
34	1.1	0.08343443003547127	1.6573405889008845	-0.08593735161443088	-0.13256321662684642	1.4113972947726001	-0.11414267767839434	0.092327547482893	1.4845763291783103	0.06933362570268704	-0.1279457606360134	1.223965777790316	-0.20489817744943511	0.21943341670273042	1.3509566185853341	-0.0254157591359452	-0.02123395068133425	1.2891679854628952	-0.31383194888567273	0.3186645389600475	1.422258025486413	-0.22354214634041122	-0.0691058520174151	0.9474043442808436	-0.053109222983285964	0.07031207345926546	0.9671684359236454	0.0528328800046164	-0.04542527900833833	0.6092623778148716	-0.20749986501221557	0.09702888627314667	0.6001593468398048	0.12154443883267207	-0.0211242250585849	0.27587011997277244	-0.2359114836763166	0.09018234863180069	0.22637160223839126	0.2666656019732393	-0.02006536267933286	0.23446856110995073	-0.23690162433095713	0.09087389737034277	0.1825979872269713	0.2757985407450121	-0.03729811275431741	0.21501023997160096	-0.32551162291953395	0.07079001657995916	0.15627371673815715	0.2354342081105088
35	1.1333333333333333	0.06943714681841125	1.6516258462243165	-0.10612933302305926	-0.13024859955387905	1.4081455241080203	-0.11531884768411568	0.10796712564093498	1.4821174141966456	0.04429323144209823	-0.15098419696983956	1.2057204406717148	-0.19779555832191978	0.23163012715491973	1.329016829939617	-0.05810922375372448	-0.07936588794035294	1.2839959967506953	-0.29126008268151693	0.3135052383452304	1.3853158873774483	-0.2601266880759904	-0.06851165597905114	0.9478465691838239	-0.049387400372446856	0.06987182912077	0.9667534011914338	0.049206944438608395	-0.044252196866748694	0.6226067986624764	-0.22907628352726633	0.0976516972467301	0.6131776860516123	0.10086818874340137	-0.015618572270150118	0.29185960315577053	-0.2598520550241694	0.08693597324740489	0.2468103036457212	0.24552110235948924	-0.014589177010828833	0.2511800058112075	-0.2608998923822783	0.08642286229931291	0.20346873991730463	0.2546499547287649	-0.027568601239484604	0.2400271613286994	-0.3526454704461761	0.06941193126989166	0.18040509662469628	0.20846671017577872
36	1.1666666666666667	0.08556441262243562	1.650287780223692	-0.1147469228492821	-0.12560109469150615	1.4072223844479992	-0.11805300443844359	0.11931798735810917	1.4794540652459864	0.034515840841525196	-0.1537846740323025	1.1928833335218028	-0.1918769881454998	0.23879231503955944	1.3164376061498948	-0.06872798255696486	-0.09561520560285892	1.2698969894578451	-0.2803660617777789	0.30821641056012467	1.3663983033161715	-0.2830224201430198	-0.07111528888249175	0.9491577225436868	-0.04631529948465698	0.07257608569819853	0.9654355956171982	0.046075937625671824	-0.05260559780084939	0.6274882345506039	-0.2461924697329813	0.1036346729531096	0.6195909328908411	0.07594830545673743	-0.026074322825856238	0.2980886300232941	-0.27106485217217824	0.09066024447363688	0.26421430043239713	0.22693631520646976	-0.02534867134439511	0.25752732704633574	-0.2718743732311076	0.089297455165025	0.22148901125650255	0.2368226172332558	-0.037883065963704804	0.24470799365725981	-0.36941912529168236	0.07344495724153874	0.19555142194182307	0.18206491137351538
37	1.2	0.12141915011531448	1.652293844231239	-0.11205835367473312	-0.12398458170449615	1.405079848036091	-0.12547368231091086	0.12425437335422519	1.4745841573525231	0.0393434308628792	-0.14196520301807625	1.1816633086138078	-0.19547480365105285	0.23961620210100848	1.3034156377278037	-0.05325928263119389	-0.06833382845257753	1.2522262762684215	-0.28845755440554394	0.30723119535422505	1.354718641381222	-0.2788180936508045	-0.07673339479543843	0.9506360265816851	-0.04622717130635981	0.07826561950886562	0.9639671302036141	0.04580953857732325	-0.06183646987599549	0.6241915409295906	-0.25657354799003723	0.11800692653878521	0.6171631939229376	0.053619950716233836	-0.05074921289280347	0.29823953938612136	-0.2658599734785121	0.09968284625617371	0.2755754375680258	0.2128031367126331	-0.050810632853859984	0.25731169266931386	-0.2653166104838082	0.09755166539298733	0.23340759464938088	0.2238699542735792	-0.062338704880000706	0.22908190972055464	-0.3700280705953213	0.08264088798473064	0.19672763408399663	0.16248729511176266
38	1.2333333333333334	0.15750718400974023	1.6521751171768568	-0.10353717534045727	-0.11930295546172441	1.4007404565359483	-0.1379856077825584	0.12643140252810423	1.4642603612081486	0.051230961018823254	-0.11714361446196292	1.1725473458319815	-0.21255009010035178	0.2405298498833086	1.2801268960023244	-0.022088490229588198	-0.008946713211122934	1.245437555241677	-0.3047521140160463	0.31831259908450626	1.3351137028855737	-0.24373368702354173	-0.08201568162974193	0.951783807181852	-0.050821250290182474	0.08364326420178969	0.9628711315614756	0.05023254587587893	-0.06080761945292086	0.6205716935526195	-0.26256801300147753	0.138661622561367	0.6123751769474614	0.04092354895040181	-0.07998797581397869	0.3028401834599831	-0.24574822446591932	0.10278420203193518	0.2860786763848956	0.20045410780933287	-0.0817677191160188	0.2616006840037618	-0.24219889152986934	0.09910538466107373	0.24428586394621932	0.21206942536870976	-0.0869507593886046	0.21026716249523636	-0.3534140329228572	0.0865892739383214	0.19426995540288294	0.14902858963424076
39	1.2666666666666666	0.18602607985928565	1.6476334329720763	-0.09365869642877869	-0.10202350408329583	1.3972776136391856	-0.15359649218710147	0.1301560429166276	1.4481175466630234	0.06533834307487198	-0.07744859588774447	1.1693590987192308	-0.2363955484500172	0.24983983989552838	1.2451227460936756	0.015396099876121378	0.06878312754955193	1.2565430978800431	-0.30953846440383753	0.3519398788542955	1.3023989901753565	-0.18119604046984022	-0.08467014238966519	0.952655886117214	-0.0597045865028155	0.08642369462351424	0.9620721278602078	0.059048769902052316	-0.04916395528770956	0.6229899312057805	-0.2667039899771855	0.15841263884271986	0.612501772527767	0.04235118120745876	-0.10559848597431519	0.3149894224405497	-0.21659990533033105	0.09310432350819814	0.30217126015854245	0.19217813057234157	-0.10992133860339168	0.2736723439480243	-0.2089801485941892	0.08703686627960561	0.2607592697949124	0.20331175081684064	-0.10330986330715872	0.20279839215572637	-0.3252125340691609	0.07863760629508158	0.20135937358174127	0.14370646888463964
40	1.3	0.21124965985085167	1.6419543913930474	-0.08213256926368837	-0.07172723569052195	1.3978802166415174	-0.1694040685979873	0.13344012642723863	1.4309271202586336	0.08148382707831542	-0.027228267879206396	1.1733265073897616	-0.25433758148513735	0.2609902964425657	1.2070740608546673	0.05665534544408726	0.14874532006078597	1.2767227525803433	-0.29003446607240757	0.39523339866782137	1.2632665442397166	-0.10455132263906594	-0.08408263339004306	0.9534781898316635	-0.06956549170600924	0.08595036479307976	0.9613041442120486	0.06894444053919035	-0.03742072261462138	0.6288460223105968	-0.2658670386639753	0.16780415865777007	0.617795903064558	0.05679931492926383	-0.12090220546163016	0.3243138556286431	-0.18685219898502037	0.07862578199655626	0.3207585256578417	0.19462776056665795	-0.12737598389153207	0.2827626705298494	-0.17587827759569125	0.07080658782384373	0.2798250797547156	0.20492973956251231	-0.10921512442197709	0.2042952994496492	-0.29422086164037914	0.06682544216482357	0.21767290233454317	0.15091747574589698
41	1.3333333333333333	0.23599702502189154	1.6391259967918508	-0.06796145157840404	-0.038446710013283134	1.4017520107183203	-0.18172608261110304	0.13116691084558285	1.4191551627976853	0.10040802676912225	0.021081592554127247	1.1816904973294546	-0.2583020500049951	0.258285179866428	1.1799298232148567	0.10194869837086684	0.21383134702596093	1.2904200384888225	-0.24849236791010154	0.41691456924886927	1.2270544759341966	-0.03256757866959596	-0.08018089803511609	0.9541948172440237	-0.07618957860922816	0.08210534633258618	0.9606016271980125	0.07563451110785574	-0.035809125068949656	0.6296347608834088	-0.25396559438760086	0.16181212096514375	0.6233977808381409	0.07904550075458182	-0.11991144739762577	0.3176025921308048	-0.16210798866278436	0.07603884344894124	0.3291544395653926	0.20914866570761637	-0.12661513230539823	0.2752708268792614	-0.15007193873246558	0.06895837472327629	0.2882403462591653	0.21870015570901982	-0.10364882100535298	0.20200087059420357	-0.26557874930002334	0.06797791836703465	0.2299229071511848	0.16625780467160875
42	1.3666666666666667	0.2579723565872609	1.6389990272874673	-0.05264162876210139	-0.011657332556442749	1.4051131827899022	-0.1868864963351288	0.123920403274145	1.4143963194406528	0.12194831000307141	0.05802608301784151	1.1902992727192088	-0.2507985225164897	0.239863229918197	1.1714178924317686	0.14981195682236087	0.25716348710543335	1.2882525254588126	-0.19822660312150492	0.40667232254097435	1.1964253739288226	0.023862388211593765	-0.07354108045569599	0.9546479880014208	-0.07831481048017372	0.07545652524716477	0.9601258686292745	0.07779450211395032	-0.04451030089771165	0.6207743845333439	-0.23188000017602456	0.14463823737544082	0.6265038375746664	0.10422812993553204	-0.10423270229447673	0.2941596644601562	-0.14101049546809646	0.0917240251332948	0.31938329866890836	0.22773408871435988	-0.1090636663545819	0.25062499610625766	-0.12989947685112735	0.08801269502752217	0.2772498799367289	0.2359971248188863	-0.08846921659414672	0.18893991125302223	-0.23845851802483725	0.08873230941121112	0.22828226939572682	0.17604441620169764
43	1.4	0.27436889984948365	1.63873916296085	-0.039074795269883465	0.006189161557653207	1.4058112202056132	-0.18435535693527333	0.11777280271100618	1.4126392375390833	0.14385853755912048	0.0827777229543769	1.1957101116121978	-0.2416818081980314	0.2212072158419078	1.1759627900447422	0.1931723655645416	0.28373106980622564	1.2707515262444686	-0.15439247406145237	0.38739302787246144	1.1687447854408015	0.06499647401914073	-0.06611421392775768	0.9549042297370028	-0.07851632871970506	0.0679935757922411	0.9598157693999689	0.0779977397011376	-0.05400015477327896	0.6073065553389022	-0.211458163572612	0.12695709232191826	0.6284727988290237	0.12910760682265768	-0.08617930045890894	0.26858269547191505	-0.12101720078221609	0.11185879811195022	0.2994504020321499	0.24089802583396577	-0.08864315889419475	0.22396675637320973	-0.1109253076465304	0.11198442437542175	0.2550469344768095	0.24695369144281698	-0.07152682479968883	0.17131039160474038	-0.21279444185079316	0.11509251283608964	0.21722102393027864	0.17383574076259123
44	1.4333333333333333	0.28202199667911126	1.637374640140824	-0.030032036927057495	0.01601066030713502	1.4056796132453386	-0.17895061576113663	0.11430446275445486	1.4108008272430013	0.15975638597775915	0.09856383439207039	1.1968053600967679	-0.23925063031457933	0.21261503538925236	1.1815215442590454	0.21894524646714084	0.3010318861122934	1.2453826298209485	-0.12571816097549152	0.38082206542426617	1.1437990689593012	0.09276897190488481	-0.05976302903618777	0.955042214057824	-0.0797081721370745	0.06163191760086668	0.9595932868382722	0.0792056186529679	-0.05349610501473749	0.5988947388335621	-0.2053969052148006	0.11730769769587548	0.6309315661898587	0.15073489634450804	-0.07685346655098517	0.25715888702593925	-0.10756524388712488	0.11566102385001192	0.2855659902991573	0.2474437971309083	-0.07822998448138212	0.2120492714897806	-0.09733777986142418	0.11759414103253961	0.23919905133703379	0.2514409682832987	-0.060228556578971575	0.16088456899518055	-0.19508210007195365	0.1247689443045875	0.20836670602724017	0.1715020518019396
45	1.4666666666666666	0.277319192609245	1.6363342734554822	-0.02717299493921373	0.019110323506085367	1.407600020568906	-0.17774942264303695	0.10724629477610573	1.4104235825588822	0.1618268379292908	0.10928809530503975	1.1952966081494976	-0.2435117920122052	0.20571676070952166	1.181304465364998	0.21766682589219588	0.315563325707957	1.2224657378147055	-0.1109897778419081	0.3812757247469572	1.1257258561831054	0.10596425954639653	-0.05407705978039281	0.9549158813512756	-0.08179903710696489	0.05596968275801076	0.9596262615409554	0.08135866112231062	-0.040033840868751475	0.5999528476442852	-0.21400158963751362	0.1158495159827945	0.6330261763473749	0.1665845887151691	-0.07312345888472017	0.2624109317104739	-0.11132482547013649	0.0980071955460438	0.28507339850659275	0.25409271206754097	-0.0748365773138655	0.2173946514645272	-0.10059424695890246	0.09934984116367702	0.23823675556124146	0.25762765164204304	-0.052580877246470724	0.16219434345474026	-0.19320255060466054	0.11011523335617435	0.20722793255150795	0.18640555968455558
46	1.5	0.26262243488308396	1.6358766369463418	-0.02973109795408443	0.018499247886402292	1.410995076136464	-0.18326637279597896	0.0931255749855838	1.4131326106975854	0.14919730778901222	0.11778284618766037	1.1925679969919714	-0.24731625362575307	0.18980769558910313	1.1763561112497896	0.19594289755338756	0.3316756173165392	1.208490065660742	-0.10327903999378098	0.3745124691161653	1.118466995143171	0.1048995406288276	-0.04783914595942154	0.9545915526924862	-0.08244852377933634	0.04973568455841939	0.9598975028134623	0.08208637246854797	-0.021088718106736837	0.6073527950537054	-0.22689431048825104	0.11656768513994176	0.6329006405883604	0.1757729789331714	-0.06315712085193102	0.27386197616074404	-0.13608582604170336	0.07494429963684111	0.2916214278217055	0.2668505563382522	-0.06531495735316055	0.22913597911981054	-0.12612892306963513	0.07510288231625199	0.24564074439876404	0.2716053101419535	-0.040279118637199955	0.1701844603467183	-0.20885589903533358	0.08595201005215047	0.21018047796904749	0.21984165811498355
47	1.5333333333333334	0.24982495811335914	1.6337697606521324	-0.034631439969333044	0.01826940129210318	1.4120008968583087	-0.19058145084654077	0.08027642806863405	1.416052629257087	0.13172779878815233	0.12245198055900972	1.1864254456396057	-0.24383009499345654	0.17204565395219357	1.1699459474964304	0.17468904795547827	0.34597300212033655	1.1992269972681666	-0.09762388534315826	0.36643205461296374	1.1216797439353328	0.0951534679744548	-0.04254009508634732	0.9547836417321386	-0.08035076220964894	0.04436524957134938	0.959721500202399	0.08002612356790867	-0.007937367192841976	0.6175789809996175	-0.23785290700594722	0.11459863019083988	0.6298343048713386	0.17981578772902762	-0.04328339981700783	0.28343642809425995	-0.1747880751305831	0.06573615878271097	0.2953815771078847	0.2857623728136465	-0.04486894406054595	0.2388485021709772	-0.16735566375918237	0.0658443256259035	0.25043863879519535	0.2922625986198856	-0.02009341458893482	0.18032241571348284	-0.2393509688070051	0.07376828562548268	0.21125030129494982	0.2552406130622144
48	1.5666666666666667	0.25102695409470893	1.6285137645071615	-0.03914894200198337	0.02049219985471216	1.4083776346820134	-0.1929338081066737	0.08076143003726406	1.4149329900674474	0.12193492903016243	0.11943401855648125	1.1743020464105165	-0.23313905120342432	0.16965454629971993	1.163676750430864	0.1715445475379073	0.3500335249747034	1.1839657714637952	-0.09347942058142832	0.3754304876602047	1.1291488059144745	0.0853492919730017	-0.04149010006442681	0.9562436983896246	-0.07685652871715887	0.04318689509473082	0.9583165977879533	0.07651835146082073	-0.00579025392142264	0.6309870297953851	-0.2508736325355282	0.11025948615013999	0.6244641639495485	0.18231484428824205	-0.022956618981210607	0.2935743405728407	-0.21722750432622234	0.07371704605394763	0.2927838576554659	0.30686705068734305	-0.023066661089713735	0.24893421158512863	-0.21307556630024507	0.07495512797395944	0.2481720763685913	0.31464153719867	0.0018195107863232742	0.19477240376952443	-0.28177994408611523	0.08125355249598341	0.20806345640129909	0.2768906999079548
49	1.6	0.26534222743494496	1.6220866469118538	-0.04281790771204955	0.024445575793192148	1.4024092152716554	-0.18942343195295347	0.09465900493932006	1.4098278713822805	0.12350897823157152	0.11089155796656076	1.1595784169611605	-0.22205673166836495	0.18515675407166252	1.1581282403169715	0.1858862135152677	0.343896787453306	1.1603749882999883	-0.09150335316673491	0.40186685677618916	1.1301813224481276	0.08219828315773577	-0.04462717986523114	0.9586502244869866	-0.07455498523078755	0.046222625775788534	0.9559494735325127	0.07419716202592082	-0.011142073848373232	0.646502599088373	-0.26933912259676335	0.107002382369472	0.6187765732708026	0.18654648887147313	-0.013803653674256873	0.3069022851505008	-0.2564008099845302	0.08786564088261596	0.28657309388246066	0.3250521184105752	-0.012537844273468778	0.26209537692873086	-0.2551535527048229	0.09041564654755477	0.24153576249539943	0.3333983367428489	0.01531157141579608	0.21464960573309433	-0.32959899100162604	0.09959001034227334	0.20277254251559118	0.28380774301941
50	1.6333333333333333	0.27871590759960435	1.618150773402658	-0.04555704664534775	0.028250238430906696	1.3981537492060574	-0.18503164850780615	0.10779062399581377	1.4047548728287151	0.13034779600448013	0.10624288638043146	1.1507984224010814	-0.21781635573163324	0.2004534800849084	1.153904906458871	0.20248287182853894	0.33949905474032	1.1400567892176101	-0.09125312040539853	0.42194159824987393	1.116225430890657	0.08703062443488588	-0.046825108502755654	0.9605686937061511	-0.07505995149733982	0.0484112655448184	0.9540356663090028	0.07471134502858365	-0.017724129419330617	0.6575579579497488	-0.28749504521831903	0.10764115056104132	0.6165303548670245	0.19276703833222486	-0.01888350220181188	0.3156384482505502	-0.2879940777812486	0.09886205685527578	0.2811483223881752	0.33562297876700514	-0.017314382319741337	0.2704256630535333	-0.28888506595488916	0.102254123378756	0.23529642700205344	0.3440067021262557	0.01342218139094982	0.23225682538012726	-0.37026937536719473	0.11730168386873156	0.20009122712164162	0.28552532444268053
51	1.6666666666666667	0.2779594204915272	1.6184268921837361	-0.045104008998972815	0.030029967433432603	1.3975159678411726	-0.183628337798613	0.10609029954069252	1.4029043701557684	0.13598373015525364	0.11168931629225504	1.1532993045674933	-0.22202050858605876	0.1969521990586665	1.1515424648554595	0.20882947074387004	0.34580728773851027	1.1347840858124063	-0.09210725497060258	0.4139383969514469	1.0890167610196968	0.09701361842005506	-0.0432690315112507	0.9607534260493391	-0.07817581921937554	0.04492204923860908	0.9538429278221975	0.07784793598024882	-0.022237014820115964	0.6585004908112966	-0.2978270391424323	0.11248790811629114	0.6211817345825886	0.19912332766283708	-0.03205997742514241	0.30978247186105456	-0.3093412215693182	0.10718900290892658	0.2793674845768499	0.3378410613457707	-0.03149633566828808	0.26373085148521325	-0.3115838147433353	0.11099096824020153	0.23255473968844986	0.3460496566823288	-0.0024115699728593032	0.23797346387641372	-0.39374298297444155	0.1309642851951465	0.20337070774419375	0.2909605917647789
52	1.7	0.26389277470007455	1.6219691879183338	-0.038516786148511666	0.028894500204348972	1.4000116532189846	-0.183728457392744	0.0897140139147279	1.4045863935157894	0.14008555489749736	0.12135674800929055	1.163969537500182	-0.23025135140005787	0.17362724414545957	1.1519103680656688	0.20657882027395874	0.3545711686879537	1.140587339967383	-0.09431004877083364	0.3778882033802366	1.0603833108079075	0.10980118266293623	-0.035579826565894174	0.9593279530715151	-0.08236646500604872	0.037302606430778554	0.9552682248100252	0.08204402060049663	-0.024843421157530167	0.6517491254022947	-0.3003938841783553	0.11931813639363167	0.6314084600809284	0.20522483101454264	-0.04434592652720938	0.2920066965915722	-0.32016939642707964	0.11644410563939657	0.281569884713859	0.337602278023654	-0.04537322773975301	0.24489136309251824	-0.32288126575721127	0.12044066376355893	0.23386477323393773	0.345856215461664	-0.022143430455670583	0.23163906831245173	-0.40114346437178383	0.14244209178296988	0.21089620562234934	0.3030479119849855
53	1.7333333333333334	0.25026061240067726	1.6273650301397848	-0.026073970434053177	0.026352986684928033	1.4047385008667361	-0.18162501318027452	0.07172633006160184	1.4089311752780056	0.14513196960410094	0.1219514297921019	1.175253394756489	-0.23641801307710922	0.14233977543911946	1.1565502066844315	0.2059548541302789	0.34500814435348154	1.1400255877851693	-0.09798258197948194	0.3253793192289146	1.0415942115654642	0.12533055899047488	-0.030659411262092835	0.9575648978916452	-0.0856456498476649	0.03239799555025361	0.9570335289218634	0.08534180359287713	-0.027328724271610788	0.6437727258275308	-0.2993372705948748	0.12465490207055775	0.6407883895843847	0.21308253952241943	-0.05090090985196147	0.27546987022490355	-0.32211906938151785	0.12549596190643642	0.2863771613316689	0.3430242333790774	-0.05291474805514431	0.22772809096671542	-0.3245490608040445	0.12957324525545125	0.23837271583867004	0.35176946582768515	-0.035205228816920446	0.22119459814810616	-0.40038227135201643	0.15188779886848858	0.21759316294753883	0.319919956964815
54	1.7666666666666666	0.24929923655450595	1.6340793843605843	-0.01208934462328368	0.02528212019975493	1.4108755701751323	-0.17651353226331606	0.06363447034372444	1.4150011740077515	0.15080442311316788	0.10610151420722784	1.1825361076940561	-0.237108275099512	0.1123818713911592	1.1659922863363519	0.21274306987544875	0.30475253512977796	1.1209157505963534	-0.10133715300144493	0.26376457662061065	1.0340842631149272	0.1424200134873001	-0.032864711693345594	0.9566273396609155	-0.08658860491560993	0.03456789518009877	0.9579626782711955	0.0863789986029377	-0.030926724206445023	0.6367182317767079	-0.29502847077962	0.12591656195697243	0.6443469943251859	0.22378240043839936	-0.052553509338354065	0.2677501737481143	-0.3173193405917139	0.13003468085899192	0.29227311970063363	0.3559860074242666	-0.0542825191356616	0.22027703138605448	-0.31934246380467773	0.13415008360031289	0.24507581347650786	0.36542806061413646	-0.03892466626493221	0.21242005880607873	-0.3954193400077019	0.15705045816554053	0.22105524360762463	0.33802961207843363
55	1.8	0.25873198412317994	1.641213860502471	-0.0016253436412475956	0.02579387450550773	1.4166814794066473	-0.17112250861251094	0.06449698932117762	1.4208161321823352	0.1546698795094259	0.08024467990731785	1.1862955928433372	-0.23307318173340066	0.08670820599151174	1.1771268182513897	0.22400777114932643	0.24763057872007677	1.090856849890617	-0.10089298357669689	0.2019148661922494	1.0319251127807156	0.15643953817838402	-0.03890329051123165	0.9566896669728235	-0.08522648973369755	0.04055974480467793	0.9578859823264892	0.08518422570367544	-0.03437861122242722	0.6285235468083301	-0.2849911459542658	0.12267898499487748	0.6432899348838941	0.2345601457999376	-0.05094849433414396	0.26410522891768196	-0.3077396637163264	0.1282123531750356	0.2973521142001977	0.36983919188237946	-0.05151712563786022	0.217466056501887	-0.30978460573389743	0.13236802956629104	0.25178383078748334	0.3797699533661434	-0.03668639673476239	0.20461415523539395	-0.3838111223201614	0.1563335598925302	0.22277956552926326	0.3536630990924427
56	1.8333333333333333	0.26543050202367907	1.6461385129742925	0.0029925182073933677	0.024366818511773962	1.419465795555347	-0.1679729025167983	0.06613028395329194	1.423023047192954	0.1565670867484491	0.059919598864724276	1.188196704873662	-0.2277948125822435	0.07058181757356596	1.183353137267656	0.234337055320449	0.20819321014398973	1.0702550631726127	-0.09458956411210757	0.16238800686652566	1.0303557227101816	0.16304145033445402	-0.041952958831612826	0.9572337449182174	-0.08304500557434101	0.04358162720248835	0.9573400740980709	0.08313878917811769	-0.03531335372187854	0.619053101829681	-0.26986822370951963	0.11592779973036693	0.6407970208344891	0.24073206640435604	-0.04575373600260538	0.25696158879821196	-0.29525086291996716	0.12129134837901107	0.2979720169356044	0.37648773927548046	-0.04527790862977502	0.21092556431586007	-0.29758299405273747	0.12538605587329388	0.2537432304412057	0.3865562833040385	-0.031793099318183485	0.19474734031754537	-0.36397958875470376	0.14882150913736836	0.2227000587371496	0.3628554682357101
57	1.8666666666666667	0.2622960354726428	1.6457522667467586	0.0028637268453341838	0.020227462576812356	1.4174624491656638	-0.16633019183415287	0.06627295534609091	1.4191282128244835	0.1591723960850881	0.05846508643597505	1.187629018869712	-0.2243463901199666	0.07414610265828615	1.1792618088586797	0.24149900154193352	0.21418326295546822	1.0707846250973367	-0.08461493696002527	0.1702377301697332	1.0287636964508695	0.1629316233158153	-0.039387230093399214	0.9578690629814149	-0.08166432951400025	0.04101301185649017	0.9567199005623322	0.08175959110743594	-0.03391065276212115	0.6117829962190369	-0.25473655481195834	0.10685742604406984	0.6363663603825581	0.2404238393756784	-0.03877102098362283	0.24665465697251787	-0.2825794486838793	0.1096129514256086	0.2910116550540992	0.3742766328913043	-0.03813437107932862	0.2005798413384997	-0.2849406208676054	0.11330076058527387	0.24692772072009872	0.38426432129446836	-0.02780040169123113	0.1829564917853539	-0.3417184608245419	0.13242217123620073	0.21740540244222517	0.36271504401995314
58	1.9	0.257354169814312	1.639360427771471	0.0011079345926442788	0.020387089103271396	1.4116757435050484	-0.16334865501752074	0.07117726935140808	1.4100757296112083	0.16457371036577115	0.07921118229388295	1.183208522305919	-0.2229942503971521	0.10170849892374871	1.1661596300558215	0.2458173370582432	0.2637376854664911	1.0840477157917854	-0.07608207334222934	0.22659582011877635	1.02757641537161	0.1607503916248661	-0.03427537922796681	0.9586036463142183	-0.08141929907112515	0.03592040441081138	0.9559882453602508	0.08140072415101916	-0.03182891983332191	0.609928982853706	-0.24594308601392817	0.09732661954329574	0.6282228189469579	0.23654657908208598	-0.03661786528619292	0.24073220857880084	-0.2737834592243413	0.09096987839934698	0.278926501102278	0.3674046616280835	-0.03697211738721076	0.1942375641332943	-0.2758213696372167	0.09363895268776004	0.23392152791303966	0.3772080257970834	-0.030469509972663213	0.1741772804241759	-0.3275836605586262	0.1056011878366069	0.20653989923814675	0.35434487024103095
59	1.9333333333333333	0.263285481149025	1.629770540503352	0.001205686725206382	0.033140015093268915	1.405237169117731	-0.15767585286638625	0.084751666746774	1.39970704085473	0.17242577650259386	0.11470077805110898	1.1759718445075935	-0.221802513017981	0.14259719550931424	1.151907950707432	0.24810910664511338	0.3298017875153706	1.0921801841411105	-0.07258362786691053	0.3025379905035085	1.0263700096314468	0.16034000413094474	-0.03023325775697769	0.9594556022266014	-0.08153015002233698	0.03191578512299478	0.9550772670135959	0.08140269127765282	-0.026976429172426413	0.6131585023262683	-0.24780350274823126	0.0906906739363515	0.618807760700113	0.23421514026402343	-0.044991486196293104	0.2446328456967386	-0.27147698036625006	0.06443663014426637	0.26956737589572566	0.3591272846094596	-0.047438542714799116	0.19774292017277162	-0.273145267534634	0.06533214434019906	0.2233854222144256	0.36862479692932565	-0.042973382485874914	0.1739796157717436	-0.32730686577394463	0.07190974667571552	0.196719193959895	0.34331987838877326
60	1.9666666666666666	0.28111789555143896	1.621439331726811	0.005239893608062101	0.0564590267707688	1.4008429453561746	-0.15125968320251032	0.10028325294962892	1.3917780134030329	0.1807458377208821	0.15014683604864906	1.1691380523177528	-0.21932124781836299	0.17640946222960105	1.1441522347491087	0.2495715452098312	0.3811963675084774	1.0859189168409351	-0.07363222397563254	0.36078278249915074	1.0252022188082368	0.16269467881168478	-0.027358156363784074	0.9601343767336317	-0.08142703559091068	0.029085908394676285	0.9542556961061702	0.08128450318345902	-0.014859814546348504	0.617763997251055	-0.2592665852004513	0.0896331030866123	0.6134116817758108	0.23640195953514404	-0.061358405694141575	0.25493768416332796	-0.27351134894606227	0.03491398729919362	0.2684369868532055	0.3491635335168632	-0.06659108106956088	0.20777051344662223	-0.27489051516355134	0.033528717134690814	0.2214393967727747	0.35821857209618146	-0.060490192223494665	0.18196517441295634	-0.33559994010375993	0.040655536584165194	0.19501178583341228	0.3362418430885656
61	2.0	0.29893927645575297	1.617864625772163	0.012249150719792124	0.07739000720965543	1.3995204664071081	-0.14748109115578237	0.10639665111086866	1.388387541251209	0.18660063900255697	0.1680701993897818	1.1656053865530276	-0.21609134136565594	0.18559804650737036	1.1446376298782432	0.2514097289689153	0.39361136433421706	1.0702371447233239	-0.07633841650789155	0.3757856677571412	1.0248686108299006	0.16669892047274418	-0.023692758389207487	0.960284613261992	-0.08132321140785997	0.02546075359361541	0.9539326707426075	0.08124815607309292	0.0020711276693604693	0.6190637133667187	-0.2717471592367138	0.0923161712029152	0.6138288914575041	0.2414401980978133	-0.07570037321433833	0.2621577680589636	-0.2749187243162371	0.01263553253167461	0.2724000902489644	0.338285562428676	-0.08337473259098684	0.21482389207523156	-0.27600833788650436	0.009317314408573625	0.22509493916552703	0.3468721119603069	-0.07342647746910964	0.19093646245191398	-0.34069346444897236	0.02170403905121768	0.20043873489725994	0.3366489450036295
62	2.033333333333333	0.3062832906463662	1.6202358344926198	0.01875865190269185	0.0845478596802823	1.4015730201786507	-0.1475038443805935	0.09975510168427176	1.3903977581009554	0.1874603897466362	0.1551486338439998	1.1671502915049154	-0.21355297721763455	0.16386101264471722	1.1507261791017651	0.25403317570940626	0.3499773306306545	1.0551489584106895	-0.07850649547095824	0.3364301998346368	1.0243714735760445	0.16990752596505354	-0.019070535542540252	0.9599862669467436	-0.08162538466550895	0.020872292222752546	0.954136135419501	0.0816478722793855	0.01188128083553691	0.6145043575063942	-0.27360922473087823	0.0929939266808316	0.6162961205316924	0.2445094977501513	-0.07875706355511757	0.25952384938337636	-0.2733460677525835	0.006720796800452624	0.2731249691171659	0.3311244719662987	-0.08720010905996697	0.2123359309739763	-0.2742367082567277	0.0028498207188598257	0.22601593756798233	0.3394008598079053	-0.0758791283250641	0.19397961916802486	-0.3351700614462017	0.01917565532424978	0.20528515342781617	0.3431845565752632
63	2.066666666666667	0.30504669996025174	1.6269674282818665	0.021684995552367185	0.07852006185124966	1.4066640241879664	-0.1487367746137087	0.08918756428473912	1.396872437808753	0.1841031448100743	0.1129970449742274	1.1741174099180178	-0.21240812267887046	0.12049942919500618	1.1595719514914216	0.2576918236638867	0.25393139891788785	1.045370328648532	-0.08000462834498519	0.2509531139310429	1.020357141318541	0.17008182298971794	-0.016142797488228243	0.9598016882270904	-0.08233844404000665	0.017980689458837885	0.9543679799134611	0.08246431998731417	0.004999537330395723	0.6061330457476	-0.2610563398685992	0.08833449827273716	0.6162292761884829	0.24211070099926388	-0.07009838921345296	0.24893567641813286	-0.27106011640709604	0.017316445472311953	0.2667353514252768	0.3313243051516759	-0.07718456656101434	0.20235069444214926	-0.2720656969844503	0.014464747309044294	0.22030541690836813	0.3395542376469865	-0.07025057442648626	0.1913110830995799	-0.32263469641249143	0.028876734090355887	0.20444337043241256	0.35046424661119724
64	2.1	0.3038061211570616	1.6337399568958308	0.020003974643393537	0.0683107359772752	1.4120766168474943	-0.14798667159220374	0.08653130328802756	1.4037440577802052	0.18052118877621004	0.06415539682202129	1.1829664330872869	-0.21288798082599847	0.08035381680981483	1.1679021014938875	0.2625520243668837	0.15008360521405223	1.040365272833467	-0.08253841886405831	0.16014768569927668	1.012496696232856	0.16722168741583665	-0.017653491797919568	0.9601746483766674	-0.08310865621845748	0.019529841933122148	0.9541408429649383	0.08332990450320647	-0.014360636952609779	0.6004052357190109	-0.24396926409997435	0.0824978554293861	0.6137731520745878	0.2353381479629526	-0.05902906115676355	0.239413597827143	-0.272381747441662	0.03547217474306688	0.25875427899733217	0.33669965831452725	-0.06375070609332766	0.19354770686348144	-0.27388272404780667	0.03424764189085422	0.21319297852381358	0.3450559610646963	-0.06454512621698194	0.18955091567289883	-0.31506081424763627	0.04298645053433933	0.20104822516831689	0.35255020802824144
65	2.1333333333333333	0.3047004862348236	1.6355168807980192	0.013492377536783218	0.05969709907805969	1.4131447388666922	-0.14645532592876742	0.09405806608224117	1.4057590655318655	0.17855583854944715	0.0385347998504194	1.1858242965761765	-0.21594036566148506	0.06974817400975714	1.170192158668528	0.2660236327644784	0.10596938459391499	1.0411566893010173	-0.08852004399575243	0.12393665436867361	1.0088464888222672	0.1621963363255521	-0.023424600612541424	0.9608306752841458	-0.08359079274232524	0.02531995208882528	0.9536334227577665	0.08385438074853482	-0.03271438168641378	0.60396797828652	-0.2376578288931969	0.0847196588549831	0.6141284054049054	0.22867912090054524	-0.05643632930038297	0.24015954559824293	-0.28054499743451883	0.05419691759109587	0.258895642455479	0.34282517172772026	-0.05947358426480577	0.19454556844565185	-0.28288327593721996	0.054229887649865686	0.2138006761565665	0.35125384429568773	-0.06476810407915297	0.19515499555262805	-0.3234279328091535	0.060401453997632075	0.20247861477764273	0.3480416519093742
66	2.1666666666666665	0.3012981854750015	1.6305734575185784	0.0016464227903499763	0.05058900742250952	1.4077465157727225	-0.1497680832877283	0.10266402073421414	1.4016761684424215	0.1740325178442041	0.04670204143050748	1.1769724613659605	-0.22222589700935394	0.0932211474225601	1.162392038178464	0.2607942731408333	0.1502829887359402	1.0512169374247804	-0.0991713115298587	0.1692888234697682	1.0204448469301373	0.15180532144452524	-0.030369220535850464	0.9609513410624255	-0.08365192164159319	0.03224022566174829	0.9536121165269297	0.08385990539582773	-0.04094488815583825	0.6177149455296378	-0.24857508084515273	0.10055943462668362	0.6224054786429326	0.22543058758162665	-0.06439496096468536	0.25355607080293996	-0.29615538231826294	0.07640992136124627	0.2717157656692244	0.3491024384498914	-0.06700149742132858	0.20760152208662674	-0.2996872611695557	0.07747879179662086	0.22633960860098423	0.3574866388810707	-0.06920770297180337	0.20853892678656083	-0.34922465564609656	0.08869985410767275	0.21255170361758446	0.34217375066047
67	2.2	0.29065164401502497	1.622447880920265	-0.015546321144067328	0.038301082846356	1.3994913954136652	-0.16173180718450458	0.10466150608664404	1.3963788764835248	0.1604153474245529	0.07071291650978502	1.1602356529960556	-0.2294523339965159	0.1297573346313984	1.1483809657576163	0.23780801730852447	0.23860759465914738	1.0681704599141792	-0.11433350213865535	0.25814878706750466	1.0472372591848944	0.12669831850656935	-0.03562491527323762	0.9601112765253358	-0.08322483807854346	0.03744100296080059	0.9545049498709494	0.08329845370440017	-0.04062124746159613	0.6349400427279501	-0.2703060668457995	0.12433203994423753	0.6378778273480553	0.22359022909794804	-0.07492086193462365	0.2734260679412649	-0.31783960809441036	0.10526030746209417	0.29279460469362695	0.35619350158401586	-0.07753920949979493	0.22701342107660383	-0.3228975151979256	0.10780436964921172	0.24674474312076533	0.3647176381734822	-0.071770879572931	0.22389587656316035	-0.3856427456811916	0.1285661207774459	0.22828499511428735	0.34046885112234065
68	2.2333333333333334	0.28182715868436253	1.6166596517007075	-0.03746807898936448	0.026549780150516997	1.3943992579022007	-0.17959752388633862	0.10640372617595609	1.396295349866711	0.13548798946329565	0.08513942301227696	1.1464730837835415	-0.2328432293768228	0.15912086279431403	1.1388507354886626	0.19307416888673096	0.29829903965484544	1.079634800178747	-0.1353507229447196	0.326755579172558	1.073271602331679	0.07762477855964553	-0.03979876976321707	0.9589428466275033	-0.08208229426188449	0.041583215833837034	0.9556814324178619	0.08201738342526076	-0.039645229764887324	0.646736388725542	-0.2926328867807656	0.14203874914449507	0.653318786235245	0.21603230674568755	-0.07985423104729378	0.290577884195659	-0.3448755565094112	0.1313033233040478	0.31278524159522814	0.35859221383345663	-0.08202601750277322	0.2440595570209586	-0.3517457609258221	0.13553829788562327	0.2663530591886477	0.3677451908986701	-0.07150668218090699	0.23521191575996026	-0.42808520917863	0.16191158446618356	0.2427150052033158	0.3385748584220861
69	2.2666666666666666	0.28538981303636296	1.6158251019031624	-0.06385003647011096	0.02007762750344485	1.3947914767580496	-0.19660386171211325	0.1216679479870563	1.4032356158450991	0.10314786830234111	0.07976773260227876	1.1431635435782839	-0.23009008478018186	0.18362320724455977	1.1417701403746132	0.13285193649324176	0.29672198308775505	1.0745385701212158	-0.16584827268210384	0.3504281724393131	1.0813728312163657	0.006084866212479064	-0.04635703197557756	0.9584974471984405	-0.07980956373284419	0.04817303014394291	0.9560762153836735	0.0796554816773441	-0.04475556638019597	0.6493759149419283	-0.31005253806249045	0.1449903819595295	0.6606056413147916	0.19616194715420893	-0.07962966329495225	0.30041862139163045	-0.3766674500618885	0.14097295543234106	0.3239322790755623	0.3467166083141857	-0.08093372711519584	0.2541957779203877	-0.38570073554269524	0.1461102681387359	0.27767015145161633	0.35672205639578813	-0.07535207844666315	0.24223043508022357	-0.47770238535426	0.16861012133353995	0.249807659115024	0.3232242918210407
70	2.3	0.29593581652373857	1.6188556935098302	-0.09442088193519185	0.014794555140006663	1.3980417399391603	-0.2074373561130897	0.15161997597797375	1.4135449930123969	0.0693015477927956	0.05622045234500697	1.14957004808537	-0.2247863338274112	0.21522406427404112	1.1563283240827966	0.07057910636453954	0.24659300162435444	1.0582046061256882	-0.20719470649310653	0.3518168774083973	1.0720550178217052	-0.07392613380841266	-0.056802493483648395	0.9588825063883015	-0.07582080082815051	0.05868179603937574	0.9555946691251748	0.0756152756068024	-0.05645416013960355	0.645252624102707	-0.32023369029553456	0.13865145965684483	0.6572324068095574	0.16440391324493803	-0.08008841530817404	0.30386857649694465	-0.4048474452615985	0.13557082802198867	0.3236099096837376	0.31833964581380836	-0.08078359533378113	0.25824009700201245	-0.41604515421740207	0.14041743203380475	0.27781689952053445	0.32870574218064835	-0.08879295878037083	0.24818480482252436	-0.5268257113462594	0.15189721523124763	0.2479120411759197	0.2872195306301071
71	2.3333333333333335	0.2940077319902111	1.62351770642195	-0.12793166709328008	0.00028524595604915407	1.400668760043214	-0.21059692114073134	0.17951394112958352	1.422534236206305	0.03706908631798929	0.013281898447869086	1.1618728196712715	-0.22322409551856903	0.2518203804136756	1.177375788368367	0.01594896039231561	0.16165088557000024	1.0494661846167757	-0.2557246650551876	0.35682676207514064	1.0640922993557926	-0.1485520363296607	-0.06733211162691081	0.9589119382000535	-0.06959092245944368	0.06922157220767361	0.9554809653372537	0.0693239386058196	-0.0688371588864476	0.6375811108206793	-0.3197907157546446	0.13431913447124544	0.6471871469435662	0.12836304768160473	-0.08285835246461501	0.30177303881513773	-0.40883658139849166	0.1298881906525892	0.3139405250465609	0.28228832137753834	-0.08361639968112881	0.25711089557290134	-0.42061239996619193	0.133914913159038	0.2687107350301944	0.2921221815476818	-0.10618020832895428	0.2519358022349635	-0.5471210275089096	0.1338270344870329	0.24009812227236937	0.2391931251321056
72	2.3666666666666667	0.26773006566213503	1.627623486676466	-0.16265164498741377	-0.027345071580424013	1.4016068513584614	-0.2081364973796241	0.1888690675279079	1.4285950888648538	0.006646738317102893	-0.04995375957764532	1.1778335129986346	-0.22842049003778458	0.2796331293494542	1.201786828020412	-0.030780938591364656	0.044898595208181215	1.06059851634329	-0.3061672518660154	0.36870735791978476	1.0755688589184929	-0.21432568790367001	-0.0723137937415229	0.9573084895196291	-0.06160436165909255	0.0741042685386785	0.9570666234502467	0.06123378704395368	-0.07509265654362493	0.6275711160736428	-0.3069043631568445	0.13551708808244042	0.6360184977522935	0.0964813562964911	-0.08290198230596495	0.29338205752856095	-0.36944470455489026	0.13314753877571708	0.2992661832290242	0.24840691442900634	-0.08403895405299175	0.2501647867156045	-0.37802788420619143	0.13666093926006495	0.2547585221719251	0.2570940506739289	-0.11383153594859821	0.247115103847121	-0.5080079795109039	0.1286382575023762	0.23060783475701518	0.19430712659897956
73	2.4	0.22514435206097208	1.628491724379072	-0.19679296606400346	-0.06078445196811591	1.401581404125892	-0.204467887265602	0.18010956711562398	1.4329992744630917	-0.020740282345425715	-0.11991880419618019	1.1944117224354067	-0.23876288713320482	0.29174097362388757	1.2270081097602052	-0.07176837168143971	-0.08030380896281256	1.0841383313881767	-0.35438680552732327	0.37960812775471187	1.1053611055367942	-0.27181976610387637	-0.07125192830244988	0.9541899007506318	-0.05396861868312318	0.07285827784986494	0.9602258887845457	0.0534641082166163	-0.07431542900070649	0.6174902737913783	-0.28541447321325564	0.13812392907313323	0.6260269221277632	0.07195021264749227	-0.07609208973496173	0.28208073101717046	-0.28850909095049904	0.14166832767799573	0.283082333388743	0.2184397569333283	-0.07711432462722471	0.24063995296403407	-0.2894517287897856	0.14515222583986118	0.23936676681822533	0.225927091327699	-0.10351847189111282	0.23087857684098834	-0.40825886576661913	0.132955357096564	0.2193963531940245	0.1587235653686857
74	2.433333333333333	0.18209434677402928	1.6240053646732084	-0.22776854736214122	-0.0908004493220326	1.401183407562979	-0.2034325226512545	0.1656250725682128	1.4366855280016027	-0.04181822286223159	-0.17275262044058215	1.205506284054612	-0.2518352196152197	0.2907143427888079	1.246572021570115	-0.10558877430023508	-0.16742833959286488	1.101725956177768	-0.39659906084294955	0.3791933546395407	1.133357853648909	-0.3178605220103132	-0.07041835147851899	0.9513320970105689	-0.04885374860335095	0.07182690336819293	0.9631211187327844	0.0482335918036903	-0.07285449494401915	0.6122153219942498	-0.26057067524937777	0.1407641492532524	0.6161915661055002	0.05167651825975305	-0.06674674027245342	0.27657033871423586	-0.1875949330234891	0.14979980944096646	0.26608742930667906	0.1889765057643615	-0.06682202722037374	0.2367964514419848	-0.17838242354229494	0.1532750777821977	0.2227206254887607	0.1955667741167329	-0.0828547414775269	0.2091086050816463	-0.2785947105446793	0.13938580240772566	0.2011248569232944	0.12677255123328693
75	2.466666666666667	0.145635661488507	1.615012718129524	-0.2522896168296094	-0.114978507988832	1.400190623593494	-0.2052280030589007	0.1547973644163753	1.4384347373929383	-0.05580401112783726	-0.19565606258532847	1.2062114227024288	-0.26743322256729263	0.27745700130174483	1.2527899871260977	-0.13280685108605417	-0.19060835535360762	1.1036580413411212	-0.43091626505281605	0.3509710924594498	1.1395530025229132	-0.35194002298909133	-0.07637536365332458	0.9507560139890132	-0.04597541047074722	0.07763155422330112	0.9636821630552929	0.045301226501297746	-0.07875788242363162	0.6138887446172858	-0.23160958848785887	0.14802586234325715	0.605539511783224	0.030726615558869345	-0.06594235908318559	0.28093191446531907	-0.0890589880722938	0.1598421577664248	0.24764155818871525	0.15996467987364144	-0.06500384960343424	0.2421572973787438	-0.07065856750239939	0.16285863161863254	0.20366648448814617	0.16598225940298653	-0.07226748406341146	0.1903304550173801	-0.15585630535014322	0.14866519084339308	0.1727448235577408	0.09166971529908191
76	2.5	0.11438669095695975	1.6050352561227155	-0.267962315819458	-0.13508076642988265	1.3982334695658065	-0.20662955928050802	0.1488697616111549	1.4367608295008047	-0.06684513436392066	-0.19509925562034158	1.1982726416889258	-0.2862063066495439	0.25102217086775197	1.2452366743192775	-0.16058328612929454	-0.1678079482130034	1.09723575289327	-0.45990648753605035	0.2856379820657476	1.1240819086321634	-0.382968000944477	-0.0888098277455175	0.9527606552504543	-0.04254302667413406	0.08998351874599306	0.9616167168406002	0.041873813117160215	-0.0942819054630361	0.6166955303723667	-0.19386266605913377	0.16302252863005717	0.5954715166070021	0.008573065917826252	-0.08146719434492637	0.2867968772297458	-0.006480895678782214	0.17912647589887254	0.23023385851879774	0.13777075721737153	-0.08072790924240357	0.24800394291066064	0.017044276782556732	0.18148025130892098	0.18486005997563448	0.14343062333621848	-0.08884014265278198	0.17750788098899928	-0.06448997834794842	0.16737004136981917	0.14200143706144586	0.05703095310374002
77	2.533333333333333	0.08771391495406433	1.5964794653921865	-0.27531774758472916	-0.15099428524714167	1.39613187759643	-0.20398709984195762	0.1462406356530807	1.4330281817984365	-0.07925215859145146	-0.1841895095521458	1.189242443215611	-0.3068394915896413	0.21982723662419998	1.2341071292914443	-0.195674684701763	-0.13135616328303645	1.0963189379300236	-0.48743543150305874	0.2051870500378245	1.107866740665403	-0.4217238165590281	-0.10117093107130616	0.955451321527173	-0.036003651182642316	0.10232197925713554	0.9588581655558943	0.035364927329797825	-0.11307964967588335	0.611268538726665	-0.14865981850663101	0.18111764740386005	0.5887828970166569	-0.010484154462537683	-0.10859879242978594	0.28128205179707333	0.05221026145075793	0.2098650398319046	0.22122566260020726	0.12987013695185354	-0.10967242354127112	0.24164858225646446	0.07578986173499978	0.2123000531306345	0.17465927844589846	0.1355603193815449	-0.12935215677980505	0.16777752352638808	-0.01384441327678694	0.19842004745092726	0.12382134914055842	0.03675473927636501
78	2.566666666666667	0.06673321733501981	1.588189066792751	-0.2788881501695125	-0.1613663641780941	1.3964355646002582	-0.19574745897954238	0.14653708677999627	1.4313293886921983	-0.09246595376753404	-0.17247128082642288	1.1864055808466252	-0.3252862553795978	0.20226691217378812	1.2327815796684094	-0.2359664416146791	-0.09876578724829016	1.105880787557624	-0.5125404467612525	0.15606855628787775	1.11223582236706	-0.46948589035034366	-0.10782580269124827	0.9564860124920217	-0.026391952331627454	0.10896921633980018	0.9577709218449569	0.025797746191424668	-0.12557750809230378	0.5951386991533443	-0.10708862036766506	0.19323179119497502	0.587442046974219	-0.02409928277928305	-0.13251752165916938	0.2618843695782953	0.08454531233970959	0.2436910938056994	0.22747134574178185	0.1367224098900782	-0.1359997980292852	0.2212551425869157	0.10491792848069044	0.2475646585467671	0.18101440129715296	0.14337138495788604	-0.17097907040494045	0.15786707941080957	0.002447306739197394	0.23544925341435438	0.126456594469877	0.041353446175049206
79	2.6	0.050106402474748145	1.5782166449186454	-0.28454588839460687	-0.1665949864348781	1.4016628381752023	-0.1829360597423502	0.14942017035850094	1.4342370687810604	-0.10384814523505902	-0.1690760023355731	1.192344072258123	-0.3353753698310536	0.21043036832521145	1.246011360895402	-0.27267910002275425	-0.08379240528401596	1.1198291532150249	-0.5278671793185403	0.16665650172595126	1.1383201702705357	-0.5169193343830216	-0.10881046763511872	0.9552988505016271	-0.015897748107061713	0.10990910946235699	0.9589164456382006	0.015384974915290945	-0.12862762187874952	0.5758279890029212	-0.08231501377385438	0.1951340505249205	0.5919014964389975	-0.03564439181775146	-0.1436541046183672	0.23899613111304108	0.09471312076348407	0.2686497793225156	0.24810011778512353	0.1496711041008105	-0.1488686680334218	0.19777592735813543	0.11177364490871121	0.2747466480281321	0.20320209982700344	0.15840831705245312	-0.19465569661507529	0.1477098917069326	0.00053577714375667	0.26730355522722404	0.14486038212578933	0.06455891002076856
80	2.6333333333333333	0.03450252273955665	1.5681484693258423	-0.29357736719111815	-0.1675031990803192	1.411605807331826	-0.16768862142886212	0.15289190068713465	1.4390737036212249	-0.11555155209829471	-0.1841848677842998	1.2058598782974967	-0.33045002796569495	0.23534524817953073	1.2655056630436257	-0.3002145132152213	-0.11181374369615901	1.1328896934052206	-0.5239660465890581	0.21458859327204485	1.167663576314988	-0.5517902299439433	-0.10770882482631855	0.9535833763818311	-0.006330489436667173	0.10872010666218918	0.9605958328983921	0.005945780379054015	-0.1293025394578408	0.5623873677754894	-0.07882156941203156	0.19231029443896722	0.6011415906973632	-0.049023885576129925	-0.1501400441378353	0.22406076709194422	0.0884618738029758	0.2822314427707109	0.27418383092942467	0.15771472036865744	-0.15639898201216765	0.18268061041116868	0.1037524562055217	0.2900886573893427	0.2312725258164453	0.16885913515195924	-0.20732453369498824	0.1395493434218218	-0.00947061727428925	0.2882821537742813	0.16830583262738918	0.0866072310729765
81	2.6666666666666665	0.016700615287395994	1.561813944151356	-0.30064968998978686	-0.16389406171357587	1.42315164480272	-0.15130414462113873	0.15415336137301955	1.4399348838046164	-0.13422526788262718	-0.219675555228872	1.2251004500199956	-0.3077882608878154	0.2520797177888551	1.2779787102201041	-0.32079579666871955	-0.19732613693223383	1.1492419105246368	-0.4963443221506518	0.24249759130559168	1.1826568832809075	-0.5665360478203356	-0.1070323679067283	0.9537279244058843	0.0025457628856058404	0.10796662694880402	0.9604329935743194	-0.0028016692958999813	-0.13742627857635728	0.5568240516362847	-0.08869672686945924	0.19389671371277828	0.6118068034930179	-0.06285434488357021	-0.16963583874000795	0.21939749834112177	0.07021194508673038	0.29286692732599284	0.2949060265967507	0.1556933716232898	-0.17736021196922325	0.17798601605389153	0.08449322902821636	0.3012630212422023	0.2531430575149288	0.16827097990339845	-0.23326637845244363	0.13486492523737725	-0.0284974993902019	0.3008653459083712	0.1887938357480512	0.09130503692935088
82	2.7	-0.006446298057266358	1.5587355468449946	-0.29963866778359366	-0.15673821683170658	1.4333968672722448	-0.13418648654716953	0.1518043994481007	1.4341870788221505	-0.16139549870373934	-0.2625266469076606	1.2483121919758475	-0.2721177227904408	0.24255105918881537	1.278375297817659	-0.33694209588530144	-0.31231480372700093	1.1755078438876354	-0.44989322974723356	0.21160633372654888	1.1845544848255873	-0.5598494182465782	-0.10655711677879366	0.9567274955029565	0.011695121562010156	0.10747863979943265	0.9574557337126801	-0.011899405966672438	-0.15472055052041706	0.5553207799816717	-0.0979632782422833	0.20223921265301195	0.6188630805562242	-0.07178683490957241	-0.20812452580227478	0.2195265681963937	0.04766904499818838	0.30610848064000323	0.30333695933484395	0.14580861504404508	-0.2183721905599576	0.17800113258068195	0.06051528498378042	0.313880981202209	0.26136344476920026	0.15824772687976985	-0.2826575177923009	0.13211268632413375	-0.054655986652628864	0.3073730869767608	0.200518894475038	0.0777986441908873
83	2.7333333333333334	-0.035027062763929404	1.5520625038919302	-0.2904582241967323	-0.14877431448144277	1.4423817053527057	-0.11728905412135852	0.1472881443705854	1.4258728282139668	-0.18742173190375513	-0.2946073745889145	1.272546733016714	-0.23135918315486112	0.21359722765053343	1.2747513643996542	-0.3423199622063086	-0.40270539154278795	1.207957303369104	-0.3952808447454591	0.14059448311786907	1.189949272030344	-0.5337132313224079	-0.1048560820852396	0.9612987944444334	0.020457991283102106	0.1058276384114192	0.9529571050095725	-0.020717018516938437	-0.17299962767206697	0.5543122364689168	-0.09729973972081538	0.21133661714817434	0.619918463465484	-0.07122653620534396	-0.2523172703095205	0.21786403986088898	0.032315037070217933	0.3154329912569695	0.29908461460810565	0.13381668068473504	-0.26549275449113663	0.17610617098226689	0.0435202322645863	0.32175341808986213	0.2558501801917039	0.14492895569381917	-0.33814483776211585	0.12714496494663585	-0.07508637271211256	0.30452667287780183	0.19895467505672193	0.056939456086632735
84	2.7666666666666666	-0.061221595439626075	1.5367531171859206	-0.2789704113961447	-0.1416233871920061	1.45171245089035	-0.10214262787016319	0.14377151825853177	1.4215889339715269	-0.19928580051135836	-0.3089487737199411	1.2930700012883614	-0.1889598266223663	0.1893119052042217	1.2785247697231594	-0.32674010572600604	-0.44099774827036337	1.232187108782182	-0.34098175149628185	0.08554759135175394	1.209721768401219	-0.49181772816750663	-0.10130797480312159	0.9648558676358816	0.02667323808784663	0.1023447021827255	0.9494938086248212	-0.027019404775598246	-0.18266696937241148	0.5528066497541453	-0.08783845141317358	0.21576433590463573	0.6181853023249545	-0.05985297738418437	-0.2835828190926483	0.21107267947472008	0.03039241848343126	0.3124826309218783	0.2881131600052719	0.1256462301156862	-0.2990110557260633	0.1689650446362354	0.04067080713568805	0.3168722831717734	0.24322159472226368	0.13488527506601214	-0.37489898372433134	0.11717213599837151	-0.07848547390366564	0.2910011248105864	0.1861330297441367	0.040440172115641194
85	2.8	-0.07381149872901108	1.5183961976223093	-0.2713897689649229	-0.13530864365499068	1.4610558240455438	-0.08927876346277072	0.14294559497187082	1.4238831596030161	-0.1932659858061465	-0.31137578858439313	1.3043894499521376	-0.14466452356387277	0.18576745316556162	1.2902916585370647	-0.29032492165445417	-0.44329077792153665	1.2362433427127353	-0.2908934715102064	0.08179302945727146	1.2346545360603685	-0.4405393334198999	-0.09684557976475486	0.9656141084423324	0.029105543609541894	0.09791999275976979	0.9487909476234738	-0.02945732653817734	-0.18191162416762668	0.551440961799866	-0.0780112168918879	0.2179898441028564	0.6182641157240826	-0.040486081044421376	-0.2948709127526871	0.20072515997647855	0.036456451980915724	0.3034523926398886	0.27810730519266247	0.1251200337318416	-0.31142567269168625	0.15819303172962884	0.046649926049712985	0.30614318363159354	0.23179881846390538	0.13234485499755175	-0.3857859328728866	0.10535104165501485	-0.06915323832276382	0.2776167105700275	0.17189519033021605	0.03401635929227786
86	2.8333333333333335	-0.07200912848042905	1.508789714239067	-0.26924292788707155	-0.13065450121624458	1.4681910120426136	-0.07768762629095904	0.1435138255379093	1.4296867817584515	-0.17725544691918754	-0.3066524226055318	1.3035658401543029	-0.10207941697878944	0.19713263655920227	1.2983630638507409	-0.24669453586240753	-0.43093398786474446	1.2218097402191006	-0.24759356785562853	0.11243186211534797	1.2458058507328438	-0.38812359071141106	-0.09319155648945696	0.9641891850814831	0.029004403986827944	0.09426886641939615	0.9502098874544559	-0.029267047442533334	-0.17861178187453466	0.5519064638532589	-0.0756900404306224	0.2252522451497854	0.6194448610609491	-0.020218058394517235	-0.2952151704692837	0.19250456039882136	0.03870267131747532	0.30797452221705135	0.27136487052006053	0.13111835223229418	-0.3119985200217609	0.14966300878368777	0.04902304333715587	0.3102347152049874	0.22425837599758847	0.13658024127092674	-0.384921376539217	0.09938285397199942	-0.06222205309981094	0.2828758295718644	0.16374657945288373	0.0366020081548683
87	2.8666666666666667	-0.06907952822269467	1.5122024244760797	-0.26823162550971646	-0.12853501059681213	1.472519580621797	-0.06620806527452656	0.14332625187129003	1.4341398682723745	-0.16205026796441646	-0.29120730196031086	1.2947105323379904	-0.06972996340046116	0.20483857101092265	1.29232251868425	-0.21171099484543537	-0.4015088739366208	1.2029421982084245	-0.21250575535210406	0.1308459998466267	1.236693858483303	-0.34197473721250937	-0.09142665667596792	0.9630866189523345	0.028892029012943018	0.09248905525356595	0.9513053644291644	-0.029095611686340086	-0.18337938855056857	0.5561206197162303	-0.08312556812931818	0.23975048551816452	0.6167213772650153	-0.007653727855367536	-0.30096821387330613	0.19202197524511044	0.02977030319912286	0.3367246826272473	0.2637784857742643	0.1371985133341762	-0.31751901724894555	0.14925298522762898	0.04016832007446343	0.34019686988052683	0.2164381843031421	0.14173334683158118	-0.3915884837247357	0.10349500591653105	-0.06742097270386126	0.3126024182006981	0.15826391985415422	0.042798803352640656
88	2.9	-0.07407615825853694	1.521315663681945	-0.2618872736985167	-0.12739145261807203	1.4752547160700904	-0.05530147079224186	0.14214383207648554	1.4351549339897964	-0.15161305887352028	-0.26422662775003647	1.2877032002799371	-0.05364792723431309	0.19641202548600994	1.2751390916520724	-0.19293580026778678	-0.35313568910697013	1.1938871338172339	-0.1826698783440904	0.10802388318986214	1.2169043364230923	-0.30796142780030994	-0.09160001289113745	0.96397345044317	0.02939225248047428	0.09264539085684229	0.9504789507126354	-0.02968379624765748	-0.19813753532900547	0.5646748423989212	-0.09909191148664903	0.2530187646915354	0.6091338843039353	-0.007818256251052954	-0.3184198648690023	0.20077433916437437	0.011862684823664428	0.37155222833557533	0.2529502235279123	0.13686716268757781	-0.33450873143479254	0.15855324600595255	0.022885206893486255	0.37677151913239687	0.20566534983063522	0.14174994967269447	-0.40900367336318816	0.113641790327905	-0.08175161538900853	0.3453056658251677	0.1480872988769597	0.04667431400433642
89	2.933333333333333	-0.07447765024406973	1.5285413177361904	-0.24787252266549162	-0.12602238431259172	1.4751313306514973	-0.047435806101662085	0.1416915891198547	1.4351919251329313	-0.13958861491940316	-0.2390350669946843	1.287215712342451	-0.05299426313031236	0.1772624696799369	1.2592082990296813	-0.18740783331514455	-0.31367870869976294	1.1939131110138201	-0.15367444473239236	0.06183151304657909	1.1926990829971544	-0.29004739060632956	-0.09370278356141222	0.9654206312478462	0.027326083259314658	0.0947374737488276	0.9491187162656057	-0.02780383823314343	-0.2108950893891214	0.5767567866954695	-0.12407291851776073	0.25212147915158745	0.6030407034215957	-0.019281871157320316	-0.33085591989166674	0.21624994733737757	-0.0075521725364105455	0.3762760809136862	0.2442485879597326	0.1299478318274499	-0.34593740485049507	0.17478984012353915	0.005373103701231329	0.3820001086769351	0.19729883722448383	0.13629713563665732	-0.41462540894990874	0.12297830013943323	-0.09734148435419564	0.34670073980479593	0.13492707283708483	0.045396558120209915
90	2.966666666666667	-0.050034954129498294	1.5355552713119216	-0.23072524886867773	-0.1281416946309396	1.4677093603628864	-0.045852354997723783	0.14327991731319095	1.4382630996205645	-0.115322754650877	-0.23292652609096198	1.2837882667859977	-0.06416302375441486	0.1649141341763128	1.2510723932884655	-0.1840909414366031	-0.3141676963018551	1.1827665134125798	-0.13100576224380092	0.03967160092351785	1.155465439051569	-0.28681269929736103	-0.09757505809613487	0.9644257538539566	0.01838337291641346	0.0986222040157039	0.9501115564058733	-0.0189655682751856	-0.20422083061502067	0.5909061077169795	-0.158459133686789	0.23273761699358345	0.6039441421757961	-0.03544666321780311	-0.3075213036574153	0.23350086497170697	-0.024263287473680284	0.3339717104696218	0.24401829756162352	0.1219339682373164	-0.3202825789532235	0.19247787470109456	-0.008482711132753527	0.33842141158959477	0.19795301238839225	0.13007670715071762	-0.37575969204007775	0.1304129931433995	-0.11207442478567033	0.304803123909371	0.12907788563872757	0.04048045972904338
91	3.0	-0.0019723961366288076	1.547535946793737	-0.21734316232051198	-0.1377685909197359	1.451414544083521	-0.053383371668339424	0.1457286599499286	1.4439445091247303	-0.07598579596261712	-0.24479431767914112	1.263120042037197	-0.08618507666734965	0.1697207146211742	1.2443429780134034	-0.17000369140188812	-0.3381453142952267	1.1390242255110858	-0.13458846406756655	0.0687596086815868	1.0988653281633673	-0.2895348716908611	-0.10067286289688511	0.9604634111866752	0.0023554099558943447	0.10177901016720062	0.9539658621651463	-0.0028405829051805893	-0.16962835183315317	0.6034782167752404	-0.1939104267555935	0.20420391068285243	0.6078198088263487	-0.047786265213049794	-0.2314271173456052	0.24501262116796751	-0.04135305054210572	0.2688550227120974	0.24849774000682867	0.11584601236130153	-0.2402387280307463	0.2036712884470816	-0.023548229905868173	0.27167011252756557	0.2038059236149128	0.12493163868095344	-0.2810043240121734	0.14068313210906702	-0.12951301700140075	0.24515423744198572	0.1366810461231902	0.03521434469864713
92	3.033333333333333	0.04831227253027661	1.562762671667894	-0.20924636505215202	-0.14823920055114764	1.4318007517079312	-0.07151549576602233	0.14658697123036807	1.446019664286359	-0.0313331923272358	-0.2514132066057846	1.228495584446181	-0.1200767519586822	0.1849888828289568	1.2323028621724605	-0.13925293525814764	-0.32942299017293464	1.0720700128607437	-0.18086539062402635	0.13197246993179482	1.0431428118801185	-0.28729939601759114	-0.09776841574456754	0.9565525753315014	-0.015813148594909093	0.09897322442873949	0.9577938712243063	0.015558134660940397	-0.1139609111502386	0.6074184620790108	-0.21297118531644837	0.17945963865426123	0.6051451270481598	-0.04926060208897172	-0.12003517919694441	0.24317548983259563	-0.06330748035539262	0.22087954930532744	0.24613497905812143	0.10718264334137986	-0.12435787844218137	0.20089970315446226	-0.046193277135997995	0.22342295883547522	0.202626744107951	0.11523370267015995	-0.15711247013032495	0.15608609867960466	-0.1488727224097078	0.2024657046823181	0.1529654295942855	0.030866299923666428
93	3.066666666666667	0.09021299908371111	1.5740798098396047	-0.1993864243435811	-0.14259033169621035	1.4176379474375032	-0.09729051455995162	0.1465108769034325	1.43962160157298	0.006441362317981487	-0.2314597572490173	1.2091142873518848	-0.16333514812139416	0.19925057197681387	1.2246643285358423	-0.09771656358289645	-0.26141024594256956	1.0329519035076298	-0.2554155273740075	0.19502198859059813	1.0309230498225725	-0.27427117762841635	-0.08628318316858476	0.9555397006139748	-0.030803786066492724	0.08757250717453222	0.9588507775583005	0.030729681187009496	-0.056111434590817286	0.5973306125413334	-0.20336287580533585	0.16206075317130292	0.5927926128787944	-0.037208469869088594	-0.02063389093382733	0.22806220551834566	-0.0843398105824673	0.199638065388351	0.23238764683754165	0.09159983921076699	-0.022186246314593837	0.18499762398925745	-0.07031122350197688	0.20305036188494174	0.18922635066074878	0.09646301218328351	-0.0561543636042379	0.1706613679896789	-0.15763432951936607	0.17998021974722941	0.1677782344950295	0.027343746529484826
94	3.1	0.13378385821551358	1.5785741413097982	-0.1787674430492824	-0.11153891428390808	1.4142206603513898	-0.12026073185794302	0.15078411744511097	1.4284247500467844	0.03510963456617957	-0.18948742171501226	1.2361587923249888	-0.20498497941946944	0.211437497252246	1.2408890431194814	-0.057259940916366284	-0.17558635596609587	1.0774404996938158	-0.31093026060627976	0.24102811356630738	1.0896044735237815	-0.2502644472894579	-0.0722871128493571	0.9567775094050983	-0.04113033815723985	0.0735973667950437	0.9577019319542238	0.04107257927582092	-0.01960901499970099	0.5770235882298644	-0.17038028678319436	0.14688263054296444	0.5777850122716948	-0.014190304927446315	0.017272936420190513	0.2108979888099003	-0.08615585989945282	0.17764448304871427	0.21652239187029965	0.07675863541947887	0.015030923665172828	0.1679256662677837	-0.07464572739909707	0.1809480958848517	0.17296274011106894	0.07781338298866307	-0.024212820467159904	0.17446093574987398	-0.13893958039647464	0.15017577443737562	0.17368159813934014	0.027669316722077016
95	3.1333333333333333	0.18257947752125506	1.5802034389540367	-0.14883282796314168	-0.06923588475960356	1.4212170463700304	-0.12739711530441974	0.1625229989809122	1.4219295414906326	0.061638092055890645	-0.15025867274891344	1.3058473918999804	-0.22593656623178043	0.22720127954613642	1.28158878215106	-0.023169638631584055	-0.13157712958447565	1.2060158379966641	-0.3010415113196658	0.27239323784893665	1.195039310852761	-0.2139751712969797	-0.06763837561923387	0.957606107009733	-0.04833474112729307	0.06892624306568815	0.9568463649387898	0.048167895581673524	-0.02036993337883211	0.558186636534789	-0.13155861075695965	0.13202716537482406	0.5689953285878674	0.013786599439541566	-0.02085000852342121	0.20408549531270814	-0.055202038802674123	0.13476907412649278	0.21018560549146825	0.07882452797581883	-0.026558308743798033	0.161972755575579	-0.042886247435725465	0.13565667457350003	0.16598502270959925	0.07785389982765065	-0.06860102237699878	0.16391602090551682	-0.09130998776386737	0.0993417744768148	0.16973898983169855	0.03751875312091425
96	3.1666666666666665	0.21602836216544447	1.5836419171271623	-0.12406453550429929	-0.04292424571989903	1.4344991649851995	-0.11557353936592311	0.17375565844128338	1.4258941939776162	0.09122430114256701	-0.1289088195652385	1.374220221041046	-0.2084465040524263	0.24390702109234497	1.3174303334033866	0.013078816362366026	-0.1318782032914694	1.350163796694283	-0.21714969272292733	0.29406145647860904	1.282350825802088	-0.15746424021517652	-0.07771263193937607	0.9568793652906121	-0.05409877255375395	0.0790147919534068	0.9574060728503747	0.05381474830473609	-0.05242498470203283	0.5498524384695349	-0.10146108887541745	0.12286388691768707	0.5686484681481072	0.03985976456588947	-0.09590018759674163	0.20793883606772945	-0.002441671496561618	0.09160494460087566	0.2135362553198603	0.10377295495599546	-0.10473184751787418	0.16648296094309467	0.01340455910066329	0.08926288577023359	0.16860298028690102	0.103667976536322	-0.14565240251210146	0.1464933522912807	-0.03788216062122187	0.05418366778648323	0.16119271645615618	0.05795345924859998
97	3.2	0.21530368947222905	1.590004010307219	-0.11528391631355546	-0.04084489364760973	1.4481432603366762	-0.0977290710692828	0.1683944198230449	1.436854061207319	0.11991466048959058	-0.10951516292944977	1.400495437677494	-0.15147615445651985	0.24704378257919216	1.3200363579840586	0.06614116904429655	-0.11814921015906454	1.4377268883266177	-0.09145922394011449	0.30557596289491995	1.3084929407665384	-0.07020637309427484	-0.09177448146264981	0.955561480260444	-0.059133719917721164	0.09318204402594976	0.958550519813538	0.05879644735674995	-0.08677614690227023	0.5512625622362994	-0.08411268631019292	0.12074764691351986	0.5730333116775268	0.05862191882066159	-0.14424723830573616	0.21221012445495402	0.04255592838368694	0.0790405458578423	0.21824438888112196	0.1377169316196389	-0.15322278224662053	0.1704383489106308	0.061327148352968715	0.07532981981906593	0.17245685512414044	0.14008349879881496	-0.19200141492296605	0.13294910673615445	-0.006355936385017033	0.045875545777230964	0.15503889629598688	0.08217257973322754
98	3.2333333333333334	0.19793320406082746	1.5978878427656533	-0.11135597885688692	-0.034488435461729146	1.4562752385916222	-0.09252460530523757	0.13903822046204334	1.4450987105362882	0.1379455670628819	-0.05602838911416821	1.3923345437266397	-0.07638874648683025	0.22481221824262124	1.298486689652757	0.14027403897109478	-0.039176624403614864	1.4679716721955032	0.03242805169080232	0.3051580686883564	1.3008194706690712	0.04900185610594678	-0.08867933935592383	0.9546266191678436	-0.06374506788849535	0.0902460107939002	0.9594139076271985	0.06341017128623186	-0.09138365652650961	0.5551733242664648	-0.07668920496220269	0.11398740805059053	0.5783804682434326	0.06884409221015884	-0.136403313476313	0.2105642022277513	0.059736765055116436	0.08394097267993912	0.22203473247313288	0.1602296398380881	-0.1436751348636154	0.16793920494098447	0.07847459365550918	0.08098079287252886	0.17586840989213215	0.16426494072785108	-0.18143958724190276	0.1258089570341866	0.000849222650426323	0.05638755079779492	0.1540299338940586	0.10263467281629023
99	3.2666666666666666	0.20571370612718579	1.6045461788604345	-0.0874905461662523	0.01468467170450358	1.4558234079420955	-0.10623937567777586	0.09887031535189894	1.4419660864155794	0.14004709237041638	0.05089546643143926	1.3929860917958572	-0.011674979989585825	0.18403825675164098	1.2884726850157353	0.2216351054533466	0.09546825338568452	1.499140645506769	0.12873497360783015	0.2950816733210913	1.324049806857409	0.18274800817992712	-0.05642577425947854	0.9540662071526862	-0.06827043406309169	0.05810721871711665	0.9599712620520493	0.06796009969314518	-0.05673232094852776	0.555771406961107	-0.07577583962826281	0.08892640905584173	0.5834715644053858	0.0747453843656985	-0.10002796059332965	0.2080055238519768	0.053994203118154525	0.05534300898028091	0.23243009940099468	0.1644096751704974	-0.10778599470646866	0.1652425545925308	0.07048591649738335	0.05246680840115382	0.18736966028509194	0.1679448072417169	-0.14486456176515164	0.11931318523509071	0.005904423471683792	0.029465868671875957	0.1559050875733673	0.11897306233302238
100	3.3	0.2535342335822798	1.6067316050692826	-0.035766962671024145	0.10603291613127065	1.4483026374485464	-0.12631606024941355	0.07017923270943802	1.426069543510964	0.13260914029239745	0.1852235188831807	1.4240052678433195	0.028587525767981414	0.14644252967371835	1.3068077487483538	0.2881772653313882	0.2307069007249913	1.5645855734753384	0.19310384775677134	0.280724031594661	1.4012490634405927	0.29832985622976527	-0.006750082579055707	0.9538698867618239	-0.0727383444935215	0.008438338949260762	0.9601446526931088	0.07246069014097596	-0.0027425198908208846	0.553216361664429	-0.08005501582237126	0.04933217696521371	0.5880587653297848	0.08187234283812991	-0.07757975246346625	0.21244924873065396	0.04116377575188518	-0.025785293693774324	0.25316766571794613	0.15969689191389014	-0.08982559375609048	0.17083578483459405	0.05541131501289727	-0.03131970594793393	0.21072531105438952	0.16111299794655098	-0.12472374354445562	0.11118063821370472	0.022753670735585263	-0.055227881812971245	0.1587299942065178	0.13515033724305317
101	3.3333333333333335	0.30610558104852104	1.6042392886370722	0.020397673035678122	0.18870508652671097	1.4381333764066522	-0.13433810810920185	0.05959433750798013	1.4049630974569411	0.12954335262522618	0.28881921985750914	1.4597477177432276	0.047978749925681366	0.12667200860495412	1.3349704235135174	0.3273569882573402	0.3193110285544716	1.6324654101547451	0.2273423358755555	0.26453661897754865	1.4915810816306478	0.3659328647893979	0.03344771554820483	0.9544539817882662	-0.07647770664113125	-0.03183953819394965	0.9595071001589571	0.07623000509889499	0.03964759025032604	0.5521085088221246	-0.08929545713047027	0.016164169434057855	0.5916042540765442	0.0903729700518405	-0.07324852619274416	0.22337837350982426	0.027898459436989965	-0.10829672221592829	0.2729519565098387	0.15656946453828596	-0.09044967228992132	0.18331441187705588	0.04095088995453857	-0.1172882019929011	0.23308696834300102	0.15574890877503897	-0.12081211885645486	0.10858089074909116	0.03765005488442515	-0.14308662499388913	0.1637439473808039	0.15001945327645763
102	3.3666666666666667	0.31611915505450433	1.6019383126886153	0.04795925469329671	0.20975253663422566	1.4293174035932288	-0.12420954350844952	0.05166044907784674	1.3908232606891437	0.13968944793882535	0.31895339596121	1.4644763031514114	0.053991049404188744	0.11817933081745229	1.3497671964185765	0.344247634824423	0.35160652745168525	1.6553157981358977	0.2310343781961858	0.243698754042386	1.545448011198439	0.3795936899382004	0.0466339963031204	0.9556074385966392	-0.07848837899617274	-0.045126884118022306	0.9583319120335388	0.07824244861292444	0.05373296297474801	0.5556833568935725	-0.10143633388782751	0.005659047224315173	0.5937188473460013	0.09488353354703377	-0.05750444601765329	0.23182805759761016	0.011578809883124826	-0.12377634385697324	0.27459932584118996	0.15450779824955668	-0.07488563317754642	0.19231847883264352	0.023970710307270573	-0.13300329162755603	0.23550321536171182	0.15229420529634144	-0.0987961939072815	0.11789439399317347	0.03004607883286322	-0.16067994621856077	0.17100607483309305	0.15572031399240693
103	3.4	0.27658380498421	1.6048671697090868	0.0363620158128772	0.16703333520709415	1.424340818954402	-0.10592187328779043	0.030540215425824798	1.3924043646712714	0.1586151287961286	0.2817098665975127	1.4370655021082592	0.049594166214306346	0.10465548588089758	1.3520512344156153	0.3528828471168627	0.3423246846008862	1.6294316545810874	0.20956861314767067	0.2167615838480652	1.5542502521535346	0.3601084539343331	0.03820821210286121	0.9559948492574382	-0.07825581316234949	-0.03677339038290629	0.9579900939895485	0.0779709835889906	0.04592595231281338	0.5612177386943787	-0.11142966693364241	0.013426286509109011	0.5944276253968328	0.09228898502826063	-0.015399651046011185	0.22981414590542437	-0.007495723354243707	-0.06508789992359966	0.2546467541847536	0.14723571645952144	-0.027351529185999868	0.18945718107518628	0.004154269557486474	-0.0701342236654803	0.21431149031527863	0.14442176381922914	-0.04456121064018376	0.13268615140078155	0.00219258509241252	-0.09872349203641215	0.17581436580323873	0.14782610338688437
104	3.433333333333333	0.2256163519687751	1.6123953067241237	0.004813005153087586	0.10715721539962438	1.4249572542709852	-0.09349531372644394	0.000587600623578217	1.408865756010536	0.17369395471767235	0.2203682608329201	1.4073185806272324	0.037761985964169756	0.08115298193188163	1.3576780824574568	0.3618198479722344	0.30771331636166366	1.589495698378307	0.18136635610028393	0.19147609628239237	1.5415146503021198	0.33611203897954167	0.026999622369115236	0.9545136936806065	-0.07614130690632388	-0.025584789519287318	0.9595545664819081	0.07580258309037183	0.03519357188836428	0.5622097204033207	-0.11524993608515215	0.021594326025719455	0.5940777691288492	0.08690526250644226	0.03322606029714982	0.21765696852507033	-0.025376108704673328	0.0076139482436688435	0.22860198335338422	0.1348243735374473	0.027966278221812083	0.17589506518817488	-0.014524378204840385	0.008064882382358194	0.18645670040546625	0.13176976620765168	0.015437581953740445	0.1388553554397839	-0.024582894103533412	-0.019761167984052426	0.1737384473359851	0.13455785410781257
105	3.466666666666667	0.20432397226287638	1.6206345580237231	-0.01826910469284084	0.07736139621127153	1.4317774908072007	-0.09269231005530511	-0.020965517434940455	1.4303866274655603	0.17664024953697544	0.1784417568885635	1.3998927220980595	0.02510910048533922	0.05825487070551569	1.3728128626700884	0.3694959266242569	0.26379389545620835	1.5658522718567915	0.16719003951849407	0.18127232498634127	1.5294488882921005	0.32464857654598606	0.027123398470923175	0.9518732971409269	-0.0732612472727878	-0.02566175115927309	0.9622730935903095	0.0728926070491061	0.03674664465629379	0.5557357248236886	-0.11532774382660907	0.017041307170054205	0.5937158634620328	0.08628570827609355	0.06213026317759974	0.20306364532850685	-0.044146612132244197	0.0326694208393754	0.21565207012918286	0.12567227192590819	0.06023148661634193	0.16037951613902435	-0.03415799359678808	0.03603224645543301	0.17265409263133003	0.12253598408956659	0.049251498121446476	0.13111502388097185	-0.038446409897777756	0.010212826677795241	0.16756959654572257	0.13179808084308675
106	3.5	0.21725898245469843	1.6293781471365683	-0.019235894530642044	0.08613210771637117	1.4432003534769666	-0.09996712710425106	-0.026930575018295915	1.4454824659374377	0.17002753346902455	0.1732060692789976	1.4160543992096648	0.01618090781852813	0.04706390573782008	1.38798518666818	0.3706499785661499	0.23394520900396487	1.5661320801729017	0.1707775572440974	0.1906612101871647	1.5246070431394148	0.32797887060493675	0.038592365014037296	0.9501256190455807	-0.07120456728156109	-0.03702290982262133	0.964079130292307	0.07083979847691599	0.05147630951940886	0.5466165512785441	-0.11913987756757649	0.0025586546056259154	0.5950359771382936	0.09334139203780235	0.06565846295855872	0.19514880742350593	-0.07049747776405714	0.0037275797139920365	0.22167109811860275	0.12760318794073702	0.06297654377421764	0.15234510317591055	-0.061864932919084646	0.006485386062955074	0.17908978436560363	0.12456800017443619	0.051526445458905445	0.11866691112799399	-0.04917419596000673	-0.017055774584441633	0.16491817921344232	0.14703111039679131
107	3.533333333333333	0.2323078639247391	1.6426720403990247	-0.005398525892446023	0.10595881025491	1.4563506180277188	-0.108901591891302	-0.029066322136414403	1.4491099221958952	0.1623821963177273	0.1938286264799921	1.4448463012362234	0.009437707997250615	0.045249836341790785	1.3913129292172726	0.3635897789078556	0.239787904463693	1.5862526921681908	0.1775660644210469	0.20632779967220924	1.522699942004932	0.3402745215195498	0.05072496730133457	0.9504555597353616	-0.07129238302910532	-0.049035591742436345	0.9637845324762477	0.07093809503569662	0.0668102274489768	0.5432350220359522	-0.1309571004193593	-0.006221997128202026	0.5991716305259646	0.10382392270173181	0.054039685964516034	0.1987020858837888	-0.1021989059523979	-0.03360840539851379	0.2378991408777693	0.1404257009051598	0.0488482138582489	0.1562968623029678	-0.09550994778311421	-0.032701099082982715	0.1961880973198894	0.13773159689817627	0.03700625391886111	0.1140542137263505	-0.07089227667453529	-0.053598250313045014	0.16940408875466262	0.17075836228134
108	3.566666666666667	0.21585204268756406	1.661895639050548	0.0070282895711428085	0.10639568236823232	1.4685611372785887	-0.1148538326181419	-0.04369743003965762	1.4444762400975422	0.1592143450264708	0.21716551921762864	1.4747524945881745	0.003750764522375775	0.04082122093450686	1.3795627170818592	0.35163330063057757	0.280158210097507	1.6167532985897268	0.17669248545781369	0.2090463046792003	1.5165298316534777	0.35309510163268376	0.05322116647002713	0.9519276906133745	-0.07337458302156995	-0.051468559019479415	0.9623149280324007	0.07300629772357567	0.06950993968326269	0.5492512179612798	-0.14678579765782732	0.004057768169728055	0.605570468540362	0.11128736215089177	0.04027982871088213	0.21111030115495677	-0.1257429677431993	-0.029362018400684465	0.25198871050553273	0.15762812278938573	0.033719159981711745	0.16927747175948427	-0.12082899582801619	-0.028631460351188038	0.21066612328822387	0.15559245646273492	0.022575929353236195	0.12086258064162814	-0.102578585750908	-0.04571307468155188	0.17794745390315903	0.18746769208640005
109	3.6	0.16881589962409008	1.6804372979527376	0.00842100747817428	0.08193794073101239	1.4762264312649171	-0.11613138966940717	-0.0703182720646395	1.4374126798658255	0.1600153078224418	0.22592516424990827	1.4902798508930872	0.0020571319946296926	0.02967233990989076	1.3559847418221034	0.3392250779704181	0.3267585058415597	1.6365559896098911	0.17389699666586836	0.19697159073332532	1.5003092614645506	0.3591260704888518	0.044699910668207186	0.9527162631782431	-0.07574681785613818	-0.04296941424535939	0.9615018731880166	0.07534415549275181	0.05800394366091191	0.5599744838757319	-0.1588947691965885	0.030336538280680603	0.612165293674579	0.1138257531509488	0.03436662567735514	0.22363361507682022	-0.132055240098127	0.02448630773225484	0.257750769310369	0.1727247163048665	0.028770954142941167	0.18230686537701846	-0.12793213062899453	0.027556990278844434	0.21608062034619158	0.17164341753821274	0.01861801374656941	0.13342643080623762	-0.13110816567163602	0.01477307540625508	0.18666740006801774	0.19205598846535712
110	3.6333333333333333	0.12745528868355316	1.6869507702372362	0.0014259517857563146	0.05056661409369343	1.4738152156257418	-0.11488457312441289	-0.087225760893034	1.4298075286904912	0.16204724148950878	0.21644581948862962	1.4716341059671825	0.0017096560558898068	0.024968098494321894	1.322375680625428	0.3267160289714751	0.34759613500610864	1.6175425765209912	0.17475960405870714	0.19126290463495407	1.469438287141113	0.35561534095783087	0.030454270564229016	0.9521611854729825	-0.07703367855886993	-0.028795761065777713	0.9620468535491522	0.07661580861975603	0.03908581101958002	0.5671601032495996	-0.16421444407008778	0.056625552625944243	0.6167464035289237	0.11520544940670681	0.03391557825445611	0.22784423803817966	-0.12827739355074552	0.08856680461132059	0.25701996649323344	0.18242071520465225	0.030424487898885754	0.1867280148386271	-0.12414144187291452	0.09448577172321072	0.2146614015360846	0.1821749088461146	0.019672617453857847	0.14481007207754826	-0.14950874665479766	0.08398423163370965	0.19580064915392714	0.18955876519354004
111	3.6666666666666665	0.1263227010013469	1.675484952814474	-0.004467314764914308	0.03225432032771216	1.4584338568000623	-0.11594658804200507	-0.07338804243179917	1.4194626287907082	0.16360088681713197	0.19613066679526073	1.412438557400288	-0.009250416325409745	0.042254023035719124	1.2783882653832288	0.3099210958134986	0.3353442436204395	1.549196964109867	0.17003818086682695	0.21207426316123154	1.4205201087084922	0.3445473164324472	0.01528505134409952	0.9512055180181771	-0.07761449530377809	-0.013688628135685502	0.9630542812009125	0.07723070067293758	0.01666541807715904	0.5667795722607234	-0.16625456760885388	0.07145118349395835	0.618710385331966	0.11981078770028225	0.020795210116108024	0.22236795160267797	-0.12923516318260073	0.11724057047321039	0.2556997967454313	0.18644205053461937	0.01806653016170144	0.18103476859316225	-0.12526207050047067	0.12374702465065246	0.21276533197149028	0.1862607770779594	0.003746677823365059	0.15218654579152746	-0.16409367774517525	0.11205000512017053	0.20734538442360706	0.18412977984813528
112	3.7	0.1628346124224333	1.6534417600495637	-0.002054196509230198	0.03375609698458153	1.4363427426018869	-0.12127817123090254	-0.03550476685219342	1.40620147766773	0.16363321842299364	0.17797466621949232	1.3363536615686984	-0.03499237173349305	0.07551841865840665	1.2299074257284532	0.2870685397534566	0.3106827583328949	1.458292718924422	0.15275574582621942	0.2516268785217079	1.3577815681596712	0.32932418175089817	0.003449330228859529	0.9509955200675314	-0.07833883239039326	-0.0018655465422194395	0.963376105654394	0.07802378967034256	-0.006195682727985496	0.5612678572446506	-0.16833850240481865	0.07532300570699223	0.6197248668544366	0.12868922431462926	-0.01469794714837946	0.21276623780241888	-0.1402014354693255	0.10237032800816685	0.2581747325860634	0.18831220883018757	-0.019187736778206493	0.1709073502916585	-0.13706882794218264	0.10678566896721835	0.2148846367615166	0.18737070565140693	-0.03881175459840948	0.15562238359981273	-0.17958631760204172	0.09222024250748068	0.22004503968190314	0.1802944777939312
113	3.7333333333333334	0.20265617193599045	1.637561515630367	0.00848865624517069	0.04965093873699831	1.4207635736736561	-0.12618106976873283	-0.006022750336757421	1.395730381093073	0.1620784633580853	0.17392662550905716	1.2835862701354044	-0.05877009974475261	0.09795195516168814	1.1925535372228293	0.26516135978072825	0.2989465592987215	1.3934926786959958	0.13757482498464302	0.28033312991208365	1.298206201094457	0.312412092345836	0.0024311932767386276	0.9514946917348709	-0.07859550078244644	-0.0007918018660232509	0.9629816878578858	0.0783455432735225	-0.01639687731967604	0.5551393667665605	-0.16754558549137152	0.07012307353678734	0.6222612416092329	0.14116048523967187	-0.04751663953849949	0.20543032429177055	-0.15201844634022046	0.0698629798179917	0.2642423128194312	0.1948815598160911	-0.05471450646341055	0.16300331290973102	-0.14970156805884355	0.07182076355855785	0.22069070411261182	0.19333682796479268	-0.07697292806638747	0.15518351385645934	-0.18431087983911051	0.056079928885093396	0.2292610052578934	0.19138938721943827
114	3.7666666666666666	0.21771877926700683	1.638909570564588	0.02172927068796179	0.0701872217862342	1.4200467066624027	-0.1239704762949754	-0.00918028143425621	1.3945053203475593	0.16158518847444905	0.18629239601835398	1.2740306566657709	-0.05947340423104338	0.09180401536393407	1.1794232115681882	0.2551576371312336	0.30615939380439805	1.380495801753666	0.14470396274852393	0.28137612589513994	1.260840406783287	0.29535154952138326	0.017786992868637285	0.9517778107334062	-0.07694397992699188	-0.01602097376340366	0.9627176424395292	0.07673696522189258	0.0021248252935711464	0.5507402622770623	-0.15860305947297618	0.05167296710440844	0.6271055071343762	0.15685095656003367	-0.037942702093976974	0.2030081194158342	-0.15282056047915935	0.04116106052093016	0.270545522395332	0.20988279970669874	-0.04620514651102647	0.1601145395311503	-0.15023784286904926	0.04240214542131881	0.22671812207616437	0.2089276150295324	-0.06440413577648965	0.15123922170760373	-0.16217864618953454	0.028503032141265996	0.23179918346281936	0.22901916239170486
115	3.8	0.2120505301679654	1.6521834679958443	0.033333664051360054	0.08650926522795141	1.4294930220076023	-0.1143147190519097	-0.03479590343902734	1.401304879343777	0.16590825876031162	0.20236470358982597	1.2881112059057882	-0.03924657450742041	0.06842068094161054	1.185564107482449	0.25948327165912427	0.3155144219718284	1.392399192687093	0.16771351609683138	0.2672425044785803	1.2456702501189034	0.27797855098022073	0.04264995549327564	0.9515741674112174	-0.07359562055855921	-0.04073043097508815	0.9628499827113342	0.07341754717484832	0.044058149132440556	0.5481557578204539	-0.14269734530821854	0.020527580262566826	0.6321045327919952	0.1735154292282536	0.01831926136385564	0.2038306807797473	-0.1414320391482281	0.01825724674604098	0.27340212603926783	0.22817867927327098	0.011424930481841265	0.1605056108274402	-0.13750430622844287	0.020309135428068427	0.22923002998951914	0.22871709170311047	0.002657483588629077	0.14552692741222994	-0.11883695948643638	0.009536212491034857	0.22855200517215568	0.28077027801137594
116	3.8333333333333335	0.21009437925827265	1.6622246293546425	0.04359141429536529	0.09237231513271911	1.436680120555472	-0.10481219223212278	-0.05149928096301993	1.4074811056448036	0.1756804513299357	0.19999364071276454	1.2884667069152405	-0.025899271848882948	0.05069919023572067	1.1910565088695997	0.2679084610396839	0.3025220982717229	1.3719724757989273	0.17146822540721102	0.2545445857418387	1.2279023434244294	0.256994276212179	0.05926701632361294	0.9519107850885319	-0.07133065465529201	-0.05726488209377712	0.9624497552078476	0.07118005210348188	0.0780485684144143	0.5463813346059013	-0.12807258327479615	-0.0066267632745617075	0.6332486742947578	0.1858058104233665	0.08014750184410875	0.2027610902854472	-0.12742053937944936	0.006093794338224148	0.26973025705619413	0.24153147162746674	0.07572968430203562	0.15893839688445321	-0.12220965063577455	0.0092875054517702	0.2251076001156893	0.24311215803888436	0.07541784611477773	0.13925533535184098	-0.08262065729593175	0.0005068591415571268	0.22150769579907326	0.31458011005668995
117	3.8666666666666667	0.22806531340080666	1.660150277751877	0.054342943018128344	0.08584864348731551	1.4337038433234166	-0.10359348332238459	-0.03993545891812309	1.406375901991666	0.18787323062250852	0.16516737470000276	1.2577052229651815	-0.0453670924325228	0.04556736195349627	1.1816603275720257	0.26860886324756716	0.25612696446241967	1.2880827509951835	0.1276402176568165	0.2376536917137727	1.1814723893837877	0.22875547659709125	0.05474690845643737	0.9538285600593633	-0.0732304602982749	-0.052799063264907645	0.9605796992312715	0.07311885781951118	0.0777489562132671	0.544429995195361	-0.1223811568883526	-0.007424812562745061	0.6275633327901269	0.18993155147968394	0.10543655627623652	0.1954517934816733	-0.11981949175021223	0.02074192675103351	0.25862208413069177	0.2487910316010241	0.10299446819390717	0.15110065147306662	-0.1142112299426869	0.02500239947371562	0.2135013652755514	0.25031114844421076	0.10538307547487787	0.13245780213611746	-0.0753406905341873	0.01667665106610058	0.21100260477026334	0.3125347679782224
118	3.9	0.26089524661040375	1.6502780739505525	0.06410700185222137	0.07127644271626984	1.4232911612343746	-0.11122269797492536	-0.005987075615531861	1.399580517484281	0.19931550614794924	0.10832434184668181	1.2119691489994606	-0.0948968781457899	0.04621820017968108	1.1624387276119315	0.2607706700456748	0.19147481052411006	1.16775502817119	0.04726988941271275	0.20504103776320737	1.1097676801293206	0.1954666991148019	0.03210832065828222	0.9568975948665871	-0.07921053473862079	-0.030287255601528514	0.9576160531562131	0.07917526301159031	0.05229838295609021	0.5451640184554756	-0.13019999733391543	0.02414278321496958	0.6158055814331465	0.188280395236517	0.08667407344980066	0.18752868738289463	-0.11901606105122131	0.05930810863018899	0.24518559540481177	0.2533094201179306	0.08477667810676516	0.14272296881350044	-0.11328076361657433	0.06407225871971396	0.19973178996710572	0.2545668161938394	0.08674919879399655	0.12937054593532382	-0.09300887879573061	0.05734686699245961	0.19831363415510017	0.2886925666312381
119	3.933333333333333	0.2909160730367592	1.6422787105938146	0.06874639985838078	0.05651844295416379	1.4144789434858125	-0.12076289011223254	0.032321813203840526	1.3931059799943166	0.20867375357187662	0.0592263543969736	1.1805664146996109	-0.14666582935677877	0.0530928002031829	1.1490231431547095	0.25278942706017127	0.14143515605167103	1.0695696444230798	-0.028757616737289923	0.17169341623161985	1.0463603485051118	0.16561622344899768	0.004130136999509336	0.9596037435808284	-0.08524558082205778	-0.002352722809725475	0.954844253287478	0.08534522688726992	0.03604064788551152	0.5582792880865162	-0.15718781176689947	0.07246912604450681	0.6023919770096877	0.18665846279347104	0.040422615821288574	0.19695480945095134	-0.11994430105109369	0.08471837664177423	0.2396824924432468	0.2517497823070235	0.03721414171201538	0.15173988478912737	-0.11297693526941216	0.08782893646778953	0.1942912855047807	0.2537279583596098	0.04420725287706644	0.14181169077251232	-0.11975466911583717	0.0887299818584036	0.18846359754666997	0.26748572709595647
120	3.966666666666667	0.30347825525651845	1.6404622071884312	0.06665757577049737	0.04598495688953032	1.4135775013283314	-0.12557388823999963	0.06065946373810775	1.3902812004547982	0.21521282354073293	0.04142812396885813	1.1771137514301713	-0.17641351909539632	0.07514161533364667	1.1491329570862063	0.2503335508917577	0.13182441317925508	1.030424366407161	-0.06954325444916483	0.1717884934748193	1.0216400296472055	0.14628777391558231	-0.019236664515965368	0.9610102666811994	-0.08693451224935503	0.02113057337469074	0.9530452791659124	0.0871937373957119	0.04896838234974709	0.5924336033447453	-0.20573475932387394	0.11537565305799817	0.5922738119336411	0.18763081190461892	-0.013914474694473109	0.23702123841868683	-0.12086038858149142	0.0653121641286704	0.2473668611010833	0.2359074950985114	-0.019702056260033986	0.1912614420276597	-0.11120226890582184	0.06392846031807	0.20240662818421684	0.2394363178172163	0.003508727740764336	0.17862639717902062	-0.14900445381672758	0.08119403136609334	0.18635685469819796	0.2556839658543032
121	4.0	0.29692700221088336	1.6415906178231077	0.06046368801855875	0.038872532407287365	1.4186409761969818	-0.12581760216040067	0.07362710687192948	1.3898288983873892	0.21741448369799787	0.05483659939259558	1.1909766335882512	-0.18391085234070684	0.11110849229036592	1.155943092281106	0.25086547950246374	0.16543987164129223	1.0439601470623643	-0.07687852575636414	0.21774157261566815	1.0334751612654216	0.13778037924481998	-0.034369925597063984	0.9614617956115548	-0.08382288178217012	0.03643448405862479	0.9520618137043536	0.08416376780920418	0.07469733173792989	0.6398699727534648	-0.26189178361484816	0.13757645706131233	0.5875585837195558	0.1885926599926505	-0.05658935858072328	0.2942764488627607	-0.1278715752432562	0.017297138240099062	0.2597682519303477	0.20828230750927465	-0.06422661211434756	0.24776836106751587	-0.11567070806740665	0.011049545477913973	0.21516668102455117	0.21280173315748302	-0.019118706252982048	0.2286748503126632	-0.18336930063895335	0.047728299103649896	0.18988243133805138	0.24336896221808424
122	4.033333333333333	0.2820867415292379	1.640333054395114	0.053041968189211065	0.034599767920279204	1.4219320735475658	-0.12673005391737813	0.07425318923750293	1.3888728651888114	0.21363763493177662	0.08346456857809681	1.2021081461682868	-0.1856948538895024	0.14418115937211523	1.1574378423480003	0.24925225201148188	0.227336037353154	1.0811470265461418	-0.07092240746815408	0.2829798436443791	1.053338142702723	0.1366684458989564	-0.03998342148014196	0.9617365195510335	-0.07940490876723907	0.04208776487231015	0.95154225657103	0.07965785082746256	0.07951799331091156	0.6752011788915517	-0.2977544692336634	0.13287155558037042	0.5865253334110195	0.1862674790922178	-0.07139364419797943	0.33308945964463854	-0.1505518497657511	-0.014956738401283053	0.26103795294496857	0.18645214646100716	-0.0784280975831201	0.2858783022088308	-0.13839207544569265	-0.02280070489494406	0.21609946477446573	0.1903287960487773	-0.02047466083107279	0.26213805682625524	-0.22259863383916006	0.02307307274740705	0.18982845036172202	0.22393346456361013
123	4.066666666666666	0.2721364162780507	1.6347987317827612	0.045027940390094896	0.034978339179659576	1.4178363742199227	-0.1315715298040194	0.07065165537899291	1.386159172326297	0.20462763140714552	0.11164728112211726	1.1995115656654094	-0.19400527999639305	0.15859149933144906	1.1485997736790907	0.2447304322484101	0.295778568737171	1.115226130938187	-0.06552079985365258	0.32873000445883577	1.0560568592627908	0.14036250939444542	-0.036060617577208465	0.9621101501191892	-0.07715497269533968	0.038015921663416385	0.9514324481394104	0.0771776265654649	0.04906508001775432	0.6774787847968229	-0.2968435307753614	0.10508065837407433	0.5854588115622886	0.18160224058389998	-0.060781732708119186	0.3292027590326886	-0.19142226555832514	-0.012631403930338698	0.24430252577222422	0.1861999652139046	-0.06540059836902379	0.28169283291573055	-0.18278562202469928	-0.018148007942884112	0.19807423528633827	0.1881962383757621	-0.013926057411739199	0.2571662271873735	-0.2608424050819328	0.018038256196136714	0.1787955676375821	0.2037763311347299
124	4.1	0.2721222032992038	1.6272224248535476	0.038034609782024296	0.04061298670822141	1.4082082938270815	-0.13757777789310885	0.06904394372078224	1.3827896720071227	0.19521523319491804	0.13038769203037281	1.186289156942302	-0.2064158622157005	0.1530521460458547	1.1343338558401155	0.24136855698965579	0.34723734460453387	1.1290576612596177	-0.06178802706208857	0.3371087979476576	1.0394132582269038	0.14727883237169986	-0.025725215559020687	0.9624109181079402	-0.0776165666888366	0.02747783636669559	0.9516664449026653	0.07741372457299098	0.002511934140249116	0.6513188028249233	-0.2719366648094881	0.06908055709306717	0.5819570935907796	0.1793719264585076	-0.04575531993442011	0.2938253966487394	-0.24007929780421883	0.0034986207604846536	0.21899145858715852	0.20580882166474132	-0.04848988114117812	0.2465219902231749	-0.23677056763295704	0.0013756893813108438	0.17098257230977798	0.20621801891619598	-0.01799226867518389	0.2230613806934476	-0.293058043240445	0.015608832819751147	0.15951227434627546	0.19559773628467028
125	4.133333333333334	0.2789148593116162	1.6205230186327912	0.03723747048348555	0.05098384910609642	1.3996311122040757	-0.13895473236292122	0.06954678825508127	1.3803747386887575	0.19158675306833425	0.138417627320253	1.1719522616348914	-0.21336359623966022	0.13733776931307945	1.1227079489779517	0.24345200094894287	0.36554361443652567	1.1169039947635229	-0.057532292919994045	0.3185103867612809	1.0179058751932826	0.15583023763934087	-0.013519634019807622	0.9625800748819082	-0.07901637069571088	0.015191176968786205	0.9518698519629453	0.07872594350739619	-0.028500208548603887	0.6206166406077838	-0.25046016874078536	0.04172703771261704	0.5767955978234689	0.18318264837644743	-0.043269320907037036	0.25967801932984835	-0.2812283716300158	0.005929606218296104	0.2008326909851781	0.23153088945096634	-0.04613968887579266	0.21290188283669387	-0.28253136170823173	0.005418429753768756	0.15142363774183487	0.2319730207954911	-0.036931968225065184	0.1905998789316965	-0.31926508157994593	0.0012889351641347528	0.14223147529357705	0.2079133033754371
126	4.166666666666667	0.2890545490460307	1.6152579017434623	0.046653813958144504	0.06776702929019697	1.396223987071028	-0.13327122043640066	0.0701238845647244	1.3787482325864557	0.19542044532395364	0.14316547217396278	1.162902039267505	-0.2111335681915711	0.12360688575906467	1.1169979654222546	0.2511916235206642	0.3560900952605605	1.0872985442421936	-0.05437926209833205	0.29880883388535145	1.0039700593416703	0.1649825225859191	-0.0017741519136166039	0.9628521245273357	-0.0794241836552482	0.003518361813815041	0.9516218520026495	0.07917902347494285	-0.03032464380195577	0.6042120646998063	-0.24667464320865543	0.027869262867177953	0.5722923506475284	0.1917061791378071	-0.05107161983163522	0.24848113600019783	-0.3084716537180543	-0.011674032186696147	0.1967294427916444	0.2531663985479164	-0.0556067803653916	0.20234814973757353	-0.3127159329201963	-0.012566190109205249	0.1468326835096747	0.25529582435701786	-0.058873840226161885	0.18131447123063682	-0.3426800414679732	-0.02263508442439991	0.13407151160644648	0.23862231986513946
127	4.2	0.3016676394916745	1.6105487780174372	0.062211580651020296	0.09114850280589776	1.3964786008889691	-0.12439564259582547	0.07118889990125592	1.3764134448692937	0.20156187413948626	0.1533697359181435	1.1592872583356706	-0.20508286610403734	0.11945974717794633	1.1147736142722395	0.2599088774807172	0.34137552532397303	1.0573512458381342	-0.055337679827899854	0.29708403819343476	0.9980675329888036	0.17380517961392147	0.008970273908059552	0.9634291855937304	-0.07835433474866128	-0.007111497538917182	0.9508788737993296	0.07817811515384868	-0.014762959910691594	0.6031452800542052	-0.25443507950597233	0.02038158022148473	0.5697627744861835	0.2003011016615173	-0.057082546985562484	0.25718272122953556	-0.3265159129905388	-0.037078586219845625	0.20141983046212375	0.26901262509336343	-0.0633893760958128	0.21169207768753517	-0.3326844702852186	-0.03884585910141467	0.15175801608240802	0.27335002545019843	-0.07149203356448881	0.19227668341916637	-0.36447263153913384	-0.04667640933204104	0.13385350004326546	0.2754882816120662
128	4.233333333333333	0.3135235534566556	1.6072488880235132	0.0732094065568802	0.11252911664694085	1.3968820237252118	-0.11889481013512548	0.07269564043157531	1.3736118932813761	0.20258090442821022	0.16468554327293058	1.1584512911874134	-0.2015463474001196	0.11959181098216215	1.1136949879863687	0.26275376023881314	0.3309906450856545	1.0391206882049921	-0.06006717043255803	0.30171270767099273	0.9938443240353105	0.17960101728061698	0.017136612529959683	0.9641508732924856	-0.07721803487745542	-0.015227509380664816	0.9500382752247187	0.07706971528982463	-0.0015146473821865004	0.6082564347872803	-0.26235386545950634	0.014601575833221192	0.5700276353322442	0.20578718842814825	-0.055521607488119275	0.27017373134168354	-0.34112887074671167	-0.05392081691444304	0.2073813712235475	0.2802855077058605	-0.0626756972644475	0.22520258471192744	-0.3486056995703491	-0.055999462422276984	0.15816760577813826	0.2862073810702671	-0.07280159923185066	0.20808440191800492	-0.3807144153306773	-0.061435034447884514	0.13790780021519922	0.3054473638091725
129	4.266666666666667	0.3172246037461254	1.6084027082836254	0.07244537594705548	0.11818702800196751	1.3967351953965872	-0.11978214017453308	0.07017211417870074	1.3735808403779042	0.19568311701170923	0.15867662444639133	1.1593808853352088	-0.20017662696256938	0.10598136082313557	1.1158532092043327	0.2558714529749838	0.3043047942997107	1.032685767950102	-0.06516746578104007	0.2737583490098768	0.9882249336955066	0.17883212245201316	0.020274194846073974	0.9645480413433775	-0.07811631500290192	-0.018380288769428373	0.9496475079565667	0.07800649502533129	0.0001035379077693663	0.6120749026238141	-0.2667636343341525	0.015885022772259682	0.5752595887260119	0.20906107114673958	-0.04985671550247328	0.2760015499244204	-0.3517887861047966	-0.05038848589317988	0.2138595730159426	0.2881987338608611	-0.05665821767550034	0.2313216566523375	-0.35937461532529164	-0.052162630923200407	0.1651126483149442	0.2948537759336166	-0.06791650764496455	0.21831671196056113	-0.3856686049124828	-0.056923224546315834	0.14663993330945368	0.32523882447908753
130	4.3	0.30853229341128735	1.6157003343987282	0.06359171681961633	0.10380242407148539	1.3982914235411934	-0.1241153000337158	0.05937719703414936	1.3792555942933529	0.18523814161646002	0.12450263297259563	1.1632875762089423	-0.1957516624443303	0.06816444125387101	1.1247538536855546	0.24281367166920634	0.2394175896055086	1.032051042551764	-0.0674847131261304	0.1937392034200308	0.9846877838694756	0.17154188539577617	0.017885002566891222	0.9641910388245761	-0.08151617055795637	-0.016013567203977577	0.9500743846201636	0.08152922833539145	-0.006503650794595727	0.611946264554331	-0.2694337016824552	0.03019386541212909	0.5874430312961081	0.21368545352971668	-0.04506107614240017	0.272236853656425	-0.35422081547089823	-0.02394967659332742	0.22460826785380583	0.2964994995623989	-0.05058797403833334	0.2276636974259546	-0.3603571058439371	-0.024978796068798305	0.1765319874733997	0.3035472171756228	-0.06146935813839314	0.22103602095832242	-0.3778199689447071	-0.027472344165223785	0.16225643950254698	0.3417724753974625
131	4.333333333333333	0.2932350441846693	1.626380002667232	0.05726411084009485	0.08169459029835924	1.4030780738606783	-0.12632229997197028	0.043995070071974354	1.3890725419713095	0.17886510084528429	0.07850467091973096	1.1709331925332427	-0.18526357788179382	0.022706510111200694	1.1389543643666946	0.23285363580209736	0.15461910989255667	1.033928909623182	-0.06539104240609095	0.09999153681587587	0.9875541689656491	0.16310427450869755	0.012808937383831072	0.9630501549867561	-0.08545010505598766	-0.010941841100998209	0.9512831600521461	0.08564323420044705	-0.013356653849596372	0.607205085928351	-0.27037839760504423	0.05274623099385696	0.6045463373056612	0.22281652814846709	-0.041822083241418985	0.2612423234467339	-0.3468677758993032	0.015590461463671377	0.2399910853521794	0.31163434169082693	-0.04577268513310663	0.21672764531701638	-0.3508320660319855	0.015747180902686113	0.19287898296627437	0.31926338136399224	-0.05465190253757369	0.216565624548955	-0.36143319004908847	0.01875562753833126	0.18240965545474253	0.36360794358104
132	4.366666666666666	0.2827194165136981	1.634870916161849	0.05995593385232415	0.06928838354654104	1.4095204055257575	-0.12333937927074168	0.033691392908192105	1.397493981128835	0.18089345525574196	0.05119076565959018	1.1806030321560699	-0.1711095977627008	-0.00022471457682101325	1.1513479839300174	0.23282688773913274	0.09837362128036485	1.038788179234138	-0.05848635052404431	0.05546663443282506	0.9953625204184828	0.15928363428424774	0.009292406379744626	0.9616653493936035	-0.0876158743327178	-0.0074363742132239445	0.9527191989955828	0.08793943217240785	-0.014883735901252066	0.5981592407767251	-0.2677318672079555	0.0709353829715187	0.6203010433990219	0.2365276565857343	-0.03756500279329024	0.24631920622330428	-0.3336843884701285	0.05026124414998939	0.2547948414643314	0.33649220337180824	-0.04032397535954231	0.2018173844777722	-0.3360457927207714	0.051829605005860944	0.20866071565837152	0.3450699283467101	-0.04663846095382652	0.2047454208639452	-0.3428953419573329	0.06107747174410315	0.1996842166917081	0.392896459395345
133	4.4	0.2826199487972263	1.6375849149638528	0.06732679487466577	0.0709851667496382	1.4142445941329287	-0.11686547021201144	0.034083015269693144	1.4001059266830587	0.18903944761869176	0.052682222346563015	1.1887835194842684	-0.1585889823384369	0.008893148120274757	1.1560382637303965	0.24093926013233735	0.09282189761706237	1.0463883887697567	-0.04828977946314356	0.07543208707999066	1.0021109828136554	0.16021332756026463	0.009293484396080853	0.9608854112245624	-0.08773341543504758	-0.007474368432004276	0.9535309290884024	0.08808121540766631	-0.01035613567730523	0.5881539899617099	-0.2618977457755842	0.07691186511325793	0.6289987946954558	0.25021806259271423	-0.030810515259101993	0.2318660621191182	-0.32078075500654923	0.06562903492195596	0.263470945373685	0.36349961523764857	-0.03313007981957034	0.18716332288397286	-0.32253853421640827	0.06813273353377361	0.21794104592305774	0.37321674719588904	-0.037217907511275364	0.18851082516667295	-0.3268876683491791	0.0811372331445858	0.20774992579145435	0.4213919836038924
134	4.433333333333334	0.28812671081998636	1.6356474162674213	0.06877159456145876	0.07495295683276779	1.414837375455752	-0.1113839958325657	0.04199834113759707	1.3975158493295938	0.19693412592624515	0.060660151232693256	1.1923117527628406	-0.1521649073681268	0.028813110803481447	1.1545513374175846	0.2499085568148982	0.10627481180876917	1.0539250541427372	-0.03839607969296104	0.11046800044008881	1.0044794212131962	0.16142337344644928	0.010671490111693474	0.9611526275105723	-0.08714750659139628	-0.008887577907385907	0.9532574325573779	0.08746584898278495	-0.00334019950150934	0.583626838434108	-0.2558358018131264	0.07361563720491451	0.6299067088822214	0.2564585991680495	-0.023838006591198883	0.22390260187398037	-0.3108731030816007	0.0598032188317612	0.26521168747306667	0.3774417197380131	-0.026358608547359077	0.17869907322323375	-0.31240259880868726	0.06201282276603116	0.21977038438044671	0.38807278404633283	-0.028556666782778285	0.17582989954646577	-0.31546399440441253	0.07557289710374832	0.20656511650596188	0.4335286046422034
135	4.466666666666667	0.29072137548664306	1.633036793786446	0.0586153465273009	0.06820989982122347	1.4112632694768303	-0.11035778088131819	0.05086713037150676	1.3940498599378348	0.1996365036564801	0.04756472536456733	1.1898456704662261	-0.15344482638298307	0.0335888116498321	1.1535300976283567	0.2551429857709152	0.0925862644043347	1.0575865290851643	-0.03235358787375081	0.10569709740180183	1.004963140683713	0.16044560807138789	0.009512605581191326	0.9620022707506225	-0.08675481756432049	-0.007713282123562292	0.9523544259623841	0.0870759113199921	0.001049905387558637	0.5889242182480455	-0.2518370475139595	0.06869136292901512	0.6263247462663079	0.25135068588405274	-0.02112612426396297	0.22661061486988654	-0.30240302131783914	0.041717499168948444	0.2630215567399423	0.36948147784400037	-0.024107537459154196	0.18079975556882733	-0.303357483808183	0.04232383319264946	0.2172695187885736	0.38045616284865225	-0.02457402579655703	0.17404133747106143	-0.30920277148743625	0.054386991052916216	0.20076209292895053	0.4193698910709779
136	4.5	0.28796318425947653	1.632320485371344	0.041566348693231184	0.05161600135601971	1.4054776919325256	-0.11442990382594488	0.058373684773833714	1.3932341697908464	0.19659578227870758	0.013854760187977462	1.1822615544337112	-0.16142257162682316	0.021330533455040823	1.1567863316611249	0.2575392434078757	0.04771255440431718	1.0545795034894854	-0.032129655719076056	0.061353882627466994	1.0072659937791775	0.15939060640392014	0.003900422622842815	0.9624946574403195	-0.08628578311645015	-0.0020225369202463493	0.9517911119548835	0.08666068021011776	-0.0005007641096995359	0.6008163328249575	-0.2499783728627614	0.0660062033979829	0.6209544732228616	0.2390959814074045	-0.025684035427294687	0.2374379583135262	-0.2939748795277477	0.022570143304097907	0.25915826510031803	0.34720656606677014	-0.029061862618731598	0.1912389207264884	-0.2940570997825254	0.021086643177656718	0.21290451661929277	0.35794575254156236	-0.02855149307759173	0.18221409695342117	-0.30853133353186185	0.030461754296481375	0.1939694599990368	0.38593000798548005
137	4.533333333333333	0.28614068147714167	1.632299679721291	0.026201504014787203	0.03855310042696551	1.4002059510130453	-0.12270225041172482	0.06846380958799905	1.3949107692922376	0.18974281201971388	-0.011021595215786564	1.1730422884290674	-0.1746641441380114	0.015019796236414543	1.1616620936604451	0.25835899574677784	0.016942811624814938	1.0463757328259433	-0.039217027642188027	0.02914717507825596	1.01128847606239	0.15963056862850367	-0.005227030058399637	0.9622186141795342	-0.08523949716651125	0.007196736616077755	0.952031792825066	0.08565692345540826	-0.008094476261152865	0.6103841907567964	-0.24882549848507682	0.06478985383317674	0.6136042990854484	0.2276475640138672	-0.03724700163357267	0.24780238203939065	-0.2872544417698325	0.009836439376327603	0.2534768203892477	0.32666948850401845	-0.04089281502171197	0.20157083857030067	-0.2869721652515647	0.0069533105105872225	0.2068141150934979	0.3367247273133849	-0.04131926839143712	0.19194898542868521	-0.31385783676290147	0.012696999613453032	0.18689042962265057	0.3508271074087635
138	4.566666666666666	0.2936709942468523	1.63000954660394	0.015373980427898233	0.04097399299250078	1.3976358694807687	-0.13395906402224642	0.08639144562228382	1.3963369285572256	0.1802455795056665	0.0008395648332355466	1.1677220558257624	-0.19250134001524308	0.03737816784237998	1.163461181015162	0.2543755127993863	0.046728182122812774	1.040446036754792	-0.05472885627210441	0.0554222725448877	1.0139247435822891	0.1569161316679675	-0.015842807026719193	0.9617242886655266	-0.083479445459007	0.017839752141294442	0.9525578154647165	0.08385873136281893	-0.019286225085104067	0.6114979093308412	-0.24654876742299853	0.06468689082392619	0.6039885518573488	0.22017123661890953	-0.052718672553772286	0.25049016618597864	-0.2849820631854418	0.007377989919537165	0.24665398741544386	0.31628509284818324	-0.05667543071240857	0.20443329579118552	-0.2856914408119384	0.004487352094790998	0.20006208794776514	0.32520101010800234	-0.060408375011172355	0.1966024277708618	-0.3246825527344747	0.006593502140937521	0.1810560044004642	0.3254951571112154
139	4.6	0.3115987769314997	1.6246654331110755	0.006137103123963049	0.05818692902798753	1.3982031442513854	-0.14574977275727974	0.11101059619767131	1.3953076018526387	0.16849963940529722	0.047397105965340414	1.169663072369894	-0.21264192194973375	0.08515340259930189	1.1607262756168593	0.2410588885426123	0.13460277616548375	1.0436194749113132	-0.07590293157222647	0.13241343594352184	1.0125969200283147	0.14631570724133253	-0.02594933262724732	0.9618082432015449	-0.08099665713327776	0.027874661350434555	0.9525541789523058	0.0812623626442136	-0.03052912701171683	0.606826323891399	-0.24319636571097852	0.0683886733451321	0.5955745336211369	0.2138846698387823	-0.06737968648596701	0.24670787984114972	-0.288576187761641	0.017018157665588736	0.24330433457764578	0.3135008810491594	-0.071798958135456	0.2008385911680911	-0.29169604221704326	0.015347630162682655	0.1974962905500135	0.3209524290059949	-0.07997623101506254	0.19792797689353292	-0.33953931426591194	0.015823345078739663	0.18114400372544515	0.3101895396036586
140	4.633333333333334	0.3304289407639269	1.6188008023952332	-0.0027767497982115375	0.07764538340464537	1.4000062262449298	-0.1544312547800774	0.132342088253128	1.3920874320764218	0.15654550156094865	0.09909642749291285	1.1748081020486725	-0.2294246036219394	0.12983126933565078	1.1547455937493074	0.2205348449182945	0.2315371358788233	1.0522433928195947	-0.09443381099250826	0.20812943527866354	1.006943687616763	0.1320804573802129	-0.033730118736534295	0.9623877725876888	-0.07815462588080922	0.03553793173188425	0.9520529297418769	0.07831087043568692	-0.03905579088229459	0.6052438897029202	-0.2432735814405648	0.07852380150183962	0.594438548873063	0.20716962816891524	-0.07720994607857097	0.24552932199985722	-0.29825972684140784	0.03657239843989324	0.24949552820552645	0.31490691939653437	-0.08197622813586072	0.19982704969904885	-0.3041191621346685	0.036550854603262094	0.20485011701827183	0.3212299743265193	-0.09312680847639788	0.20279760242858313	-0.35731085171411675	0.03892904390074767	0.19043335851624266	0.30309869319357385
141	4.666666666666667	0.3374095665215555	1.6157352534553602	-0.009190369348002438	0.08495660395093241	1.4001445906901835	-0.1586828846755866	0.13981828099468718	1.3891723316203757	0.14759326163893882	0.12687005089695283	1.1741691850222198	-0.23814179616115494	0.14749394275357444	1.147130401341787	0.2021840844500961	0.2914301048810791	1.0548628967338955	-0.10352176467989423	0.24408384856680146	0.9996659644055006	0.12534452214071456	-0.038448031207056144	0.9624211997776599	-0.07625676310306995	0.04019147639501278	0.9520590669193641	0.0763714430768121	-0.04436129489402795	0.6134491788525316	-0.25353969156182843	0.09319939859020425	0.6030152960788893	0.20315291734873733	-0.08141633214107435	0.2551926332417842	-0.31311958186313704	0.05724935834854168	0.2659774407203871	0.3214088190335722	-0.08591569563574585	0.20961796763528795	-0.32043046739022435	0.05840960103969812	0.22202521633627692	0.32775724455248856	-0.09636188995282749	0.21458615914946222	-0.3779623085952263	0.06545189383761318	0.20478412675425128	0.3049567856594051
142	4.7	0.3282560911208835	1.6167103359348813	-0.015112809986565461	0.07437838997853984	1.3978109979519768	-0.16222759836521056	0.13536173103793375	1.3896015848736818	0.140480285837141	0.12379229922060314	1.1650023960926648	-0.2404927097082524	0.14659405037797332	1.1409328538500305	0.18987637552383013	0.3064080394355263	1.0473611946826593	-0.10971785607192226	0.25408919648692013	0.997138031577922	0.12431247898822172	-0.041583174680794636	0.9612846913953224	-0.07642052181375936	0.04336605836806042	0.9531996363423448	0.07653567129469457	-0.04796652889673599	0.6296752769951537	-0.2752004448033949	0.10635957255085299	0.6162284551950883	0.202453964822172	-0.0824683457267098	0.2743899262587923	-0.33077060800099245	0.06837365287276045	0.28528210631778494	0.3306233089757561	-0.08597343721313788	0.228741281476465	-0.3376196102080631	0.06978782404199113	0.24095779058893207	0.3382402697910245	-0.09292071071461992	0.2296883389697335	-0.40254904942071684	0.08112059542173465	0.21502805848782602	0.3113278089740041
143	4.733333333333333	0.311752032878474	1.6201453697676746	-0.03093750106061947	0.052339429634395584	1.3958908599979822	-0.17065738458864343	0.13608988177445705	1.394612659742592	0.12594209966188494	0.1004964908177491	1.1569828342933077	-0.2424046171289103	0.15985976517990186	1.1415420130596758	0.170006974314042	0.2908387135412047	1.0401524502488968	-0.1339481673422615	0.2784836385707382	1.0060256236850476	0.10164722637323104	-0.04613858570715175	0.9599545688927728	-0.07722456556255756	0.04802356814772312	0.9545215567695753	0.07730520181464935	-0.05190891342421715	0.6452729984951022	-0.2993091533099929	0.11353720284195572	0.6258644484758679	0.19526294790368626	-0.08395698097407117	0.29354426736858763	-0.34934758414047873	0.06808658020785947	0.29779587067913893	0.3305981915512606	-0.08641633180064888	0.24760235750247628	-0.35521228551931383	0.06906900599276536	0.2524110113403225	0.33982343198019405	-0.09224753769821988	0.24318656328846	-0.4337323472702883	0.08059197372211999	0.21705731321717003	0.30728585336734865
144	4.766666666666667	0.3015732082464092	1.622972911945816	-0.0656993159764587	0.03151356814189331	1.398227525391178	-0.18521244283312563	0.15847339759451382	1.402223738076696	0.09397568958609306	0.06825947041218929	1.1626678340595888	-0.24716976203735103	0.20681555680805314	1.1522595856564102	0.1224438731385602	0.2503163520291386	1.046587394958132	-0.19248278266843458	0.3295551010817042	1.0264590005262526	0.027838738031956883	-0.05384518984319827	0.9601552073755396	-0.07508157735316284	0.055810581253223614	0.9543090636448698	0.0750618399812388	-0.05732039050849835	0.6523236669442876	-0.3128372031942157	0.11602368025991691	0.6281408778084212	0.16858243871149178	-0.08849654914420128	0.3045353879063858	-0.368130107177647	0.06595420587827223	0.2999722735410141	0.30920942415600444	-0.0908533368884267	0.2585093363797448	-0.37470587907731606	0.06648186883879624	0.2538858526805946	0.3192422911176126	-0.1037694953027739	0.25476071684130974	-0.4723565187908921	0.07224814230617492	0.21600849955761847	0.27861203061465795
145	4.8	0.3023828448194802	1.6228390231432257	-0.11436351090698867	0.01962929364132739	1.4046440681123684	-0.2011056029705825	0.19841136155178085	1.4086812586718847	0.04708709924618626	0.031839682066338915	1.181905928158395	-0.25357785927157533	0.2708158935498123	1.1695845606284914	0.0477814510314424	0.18248479699490475	1.0669200199200035	-0.2753211673309227	0.37926199063045773	1.0504341411861773	-0.08868431330868298	-0.06305254822588612	0.9621748104216732	-0.06825862868010181	0.06501833188931758	0.9522646620045362	0.06811106652875476	-0.06385314046657468	0.6493657583769494	-0.3097490137280913	0.11804749641282343	0.6251352893909303	0.12373854256988838	-0.09588451398008731	0.3065517633103936	-0.38102055520225053	0.07181010383029866	0.2946451902861268	0.2697946528549423	-0.09931171932433258	0.26115202345633903	-0.39017823717691963	0.07230229995715987	0.24882568176939146	0.2793946056078071	-0.12684808410314452	0.26478569034381616	-0.507137915724927	0.06816946928218681	0.21739849858218863	0.22861170169242293
146	4.833333333333333	0.30416197760971314	1.6194280931604912	-0.16158657123519898	0.012493968291868498	1.4093958348097209	-0.21254082473802005	0.2322485669411399	1.4120524241002776	0.000951431371970719	-0.007066366121281795	1.199466428227227	-0.259473565248981	0.3183229894076116	1.1862458045101056	-0.0269802272477708	0.09716739309717744	1.0867236804745435	-0.35126669172142433	0.40007708518660823	1.0695412919774157	-0.2015420839031518	-0.07029610473136624	0.963979223873383	-0.05939054781128909	0.07217255170725512	0.9504208807189022	0.0591230713151276	-0.07023365172046907	0.6403382172044682	-0.2952346428842595	0.12200184821685035	0.6202635822298745	0.07956931086628846	-0.10179834046582778	0.30285207051977237	-0.371966772962922	0.08650845940563381	0.28541932857261487	0.23006114863960697	-0.10639018825853579	0.25875367681179906	-0.3825475305686935	0.08736853580402902	0.24041072221986515	0.23836596902321922	-0.14656799800459078	0.2672291285152605	-0.5118384544102693	0.07405885173892986	0.21814636719255964	0.17638358727078773
147	4.866666666666666	0.29127085237364264	1.6140538024181912	-0.1982230182475523	-0.001481573699367336	1.40602724034146	-0.21823965379423552	0.23999192167818292	1.4142606848294148	-0.03111689017587841	-0.046208048079843564	1.20009473552746	-0.26430903547806917	0.3338438473029219	1.1991901023960934	-0.0777345610113483	0.018245599963904603	1.0908552657186397	-0.3975757337097251	0.39722288190048305	1.0828612002333735	-0.27535196619038577	-0.07411527717481614	0.9628865008099803	-0.05278397619888967	0.07584016726229031	0.9514765758448985	0.05238686595746935	-0.07535363283992377	0.6297774701777239	-0.2792660331733385	0.12877578806340106	0.6153136491926974	0.053727155603307694	-0.09972607315304978	0.29588495410126503	-0.32669102589566995	0.1072480339970394	0.2742926235794676	0.2031499768946795	-0.10403299434476496	0.2532728356679669	-0.3340817257726729	0.10880916237773283	0.22978285522210207	0.2098586728193978	-0.14436286040663357	0.2538537878359385	-0.464780968362467	0.09154877043761998	0.2114438069065575	0.13663163387709792
148	4.9	0.2567023349348308	1.6081636941435307	-0.227206734963723	-0.029458510445825144	1.3943772352533859	-0.22080382071086183	0.2229737691947698	1.418930110086428	-0.04971082185426775	-0.08188150828959812	1.1840649544355542	-0.2696166839829572	0.3259748699266302	1.211809652198383	-0.10937789957647227	-0.033701905652658265	1.0777353282736517	-0.4186575489487921	0.3883774718274029	1.0950697721924545	-0.3200120147456379	-0.07651375560333239	0.958252797524796	-0.049871203618473775	0.07807296288486781	0.9560900960723969	0.04931624012608804	-0.07923177864201611	0.6194563015136947	-0.2655284544464358	0.13974314464228185	0.6106935027390569	0.045486696840145655	-0.08764763028766934	0.28635132162795773	-0.24960812663846949	0.13458403754828444	0.2630295925292482	0.1865260340393845	-0.08983372239611084	0.2450179305196999	-0.24921567304221812	0.13724763827666642	0.21837950806580908	0.1917277805293622	-0.11753422075431447	0.22570866673790102	-0.37214371153772385	0.12167539979382198	0.19691591535505504	0.10869655075275907
149	4.933333333333334	0.20629019642999102	1.6017076064768165	-0.2534449761841034	-0.0677155659584468	1.3816275807764131	-0.22150437159685263	0.1974935479794791	1.426828169300478	-0.06385205955014192	-0.10964668109275548	1.165530389601006	-0.27904829662745	0.3055888925309213	1.2271540372989833	-0.14517917706601022	-0.05391820132568647	1.0595489815333132	-0.4343786876468223	0.36806598125819273	1.1083554072439525	-0.36788104728909865	-0.08064526203619454	0.9524950828969987	-0.04798533649289527	0.08206791664682976	0.9618357244463073	0.047295557053632885	-0.08379809870996774	0.6079878447993923	-0.2461520257791222	0.15362677364278196	0.6051363954532984	0.040023263640570274	-0.07408885186224906	0.2735966368447301	-0.16061655372401962	0.1658072160991493	0.2525247604931662	0.1723202966813716	-0.07380065386549325	0.23316183240855415	-0.15155862972615267	0.16964899896236935	0.20746343520278265	0.17666475787983266	-0.08782708413575151	0.1937676311658506	-0.26316491641423595	0.15733033087495016	0.17953194176255338	0.08719160582465288
150	4.966666666666667	0.1515171595571162	1.592892176879366	-0.27606736163072537	-0.10573372523589993	1.3755794593823016	-0.2179661868079928	0.17787698547780562	1.4338675697752554	-0.07985429373214273	-0.12744327222592414	1.1573642403228392	-0.29508638507863155	0.2751468066006597	1.2414953388739969	-0.19750458800866194	-0.05297627671763214	1.0501629501224878	-0.4564421575145134	0.31612641076802306	1.119252701799457	-0.4318530409490785	-0.08770444178387127	0.949230935783557	-0.04318559378095201	0.08903087372605491	0.9650734309780526	0.04247079816870053	-0.09228938259644184	0.5931630240430152	-0.21047421147307838	0.1631643385746366	0.5961564445914034	0.025419081210429115	-0.07414600605908986	0.2564474090131199	-0.077145238777238	0.18768730249726656	0.24171470342740597	0.1609357542275213	-0.07320180865747467	0.21633470259030807	-0.06234553258231468	0.19185644996562137	0.19641947934061266	0.16586449145288457	-0.08556711179977325	0.16783987220754637	-0.16514026616411043	0.17957639583106572	0.1617351961175667	0.07387844946121037
151	5.0	0.10263657457556372	1.580903618583223	-0.29196624662798154	-0.13374477881743224	1.378359787956789	-0.20741411990804182	0.16889691432703924	1.4348985979312232	-0.09793357996342064	-0.1396993157001459	1.1619074161406335	-0.3128050633845654	0.24124521404055654	1.248118947111244	-0.2559591367907108	-0.052807249291684254	1.0555814623349302	-0.47879222987699843	0.2389712336592978	1.1240213827930396	-0.49667704680039715	-0.0960466699791171	0.9501192067366859	-0.0339320097213156	0.09729779018854466	0.9641361633194393	0.0333200801079879	-0.10652405093687804	0.5761489388624713	-0.1615291332404959	0.16260817495421126	0.5846476090625804	0.002618305986682734	-0.09637811022150748	0.23697895849739914	-0.008781001538543626	0.1907701420030196	0.2316266276726512	0.15877882600625484	-0.09745442708951514	0.19652123194191107	0.007852446386520991	0.19400020698071793	0.18635806766997776	0.16590516445743167	-0.12254590831686847	0.1508906182992401	-0.09256492922483667	0.17782525683133246	0.14490643109206336	0.0737655700229184
152	5.033333333333333	0.06623304026168536	1.5692078747524512	-0.3008146369124969	-0.14775513828504305	1.3875178931085563	-0.19042589744422725	0.16796904974491433	1.4301159185841577	-0.11524414507369211	-0.15734221712834012	1.1753734336536046	-0.32006581993368877	0.2210880725046858	1.2473632753145394	-0.30020126156813265	-0.0809542807445726	1.0746453437163745	-0.4876818175832092	0.17827143745746823	1.1252767870843559	-0.541647417965896	-0.10300302099108967	0.9534681358928699	-0.022129854611764428	0.10417879781186346	0.9607336084959289	0.02167073645113999	-0.1251250370987853	0.5629099177294385	-0.11902780308400619	0.1611867306859324	0.5782377798965576	-0.018516156883233072	-0.13538092380814407	0.22276470688329775	0.0361007949878048	0.19297076193030102	0.2298988099441177	0.16732636469908924	-0.1400143996612796	0.18168479803206694	0.052046946740203374	0.19526095039429045	0.1848402354500459	0.17718083693639095	-0.1833929250916017	0.1431295057945896	-0.05301454110129251	0.17569647034677233	0.1369258150608763	0.08566226082316072
153	5.066666666666666	0.04221048557289074	1.5634079405095493	-0.3049327406350454	-0.15160174160171763	1.4002919061473587	-0.17082331944477003	0.16865740530580603	1.4259268334216264	-0.1294920260767215	-0.18929602374977345	1.193860544535489	-0.30796836821372886	0.2256227394103595	1.2478868370381917	-0.3189363945565386	-0.15214816163714937	1.1027148709426742	-0.47746586564190224	0.16725490389914366	1.1306789728116868	-0.5602079325514733	-0.1072860602877461	0.9560657420360128	-0.010929220648132504	0.10838268494929065	0.9581034288462886	0.01058130242895787	-0.1451012317257211	0.5586775526739185	-0.10094266802333322	0.17996973492818225	0.5851832328774845	-0.030014023620463372	-0.1786584074801262	0.22029298455196267	0.05252475465403612	0.2314585617410235	0.24526239142220096	0.18011205173742095	-0.18655378177787252	0.1789748789861041	0.06693174824828117	0.23483329767495523	0.20065542536653214	0.19168217492272166	-0.24382475503337042	0.14371577914276734	-0.047277041642460584	0.21766731692707628	0.14821810209328712	0.10161557483723714
154	5.1	0.0235093970875345	1.5630415448777748	-0.30745636690404426	-0.15333756197083434	1.4142109435661763	-0.1530697305474483	0.1649623542888402	1.4270806982175896	-0.14140306396678215	-0.23046042321388452	1.2126122766051928	-0.28010547347885006	0.2423230860701877	1.2545250913117585	-0.31713616682038176	-0.24509872262948312	1.1325993644595618	-0.4549292791137678	0.1892368150126979	1.144313380096029	-0.5583374902811664	-0.10928209906990785	0.9565549290061647	-0.001886515898880354	0.11030142175662025	0.9576076460462695	0.0015777115542565845	-0.16393370472928248	0.5610136250299709	-0.10597979992488304	0.22510810189294564	0.6036891865077192	-0.033715170589044205	-0.21778526609747562	0.22587233955832742	0.04652425440249395	0.31515364110136046	0.2750479396080391	0.18781107018874846	-0.22780882971050376	0.1848874449678709	0.059359689560791774	0.3218593089470746	0.23112920588806785	0.1995370050878528	-0.2916279024844951	0.1474668378138082	-0.0644014337806558	0.3130364083353784	0.1768082251684121	0.11166168140300557
155	5.133333333333334	0.0044725654731050425	1.5574295631846191	-0.31104743238003296	-0.15615634182208568	1.42597433293692	-0.13996003963438702	0.15680065330571524	1.429132927302879	-0.15485921939641917	-0.26189221375168004	1.2263812278372308	-0.24946371346789561	0.24352096686867056	1.259491559112393	-0.30881976555374735	-0.3101024355087002	1.1572182752079598	-0.42985776025729333	0.18990569915083602	1.1617926115792754	-0.5419218008322914	-0.10942928836160394	0.9569559496741326	0.00582348952614416	0.11037697376788035	0.9572017403292666	-0.006144298711457851	-0.1795500623047885	0.5615321660580628	-0.1185626883468241	0.26863957791397347	0.6212607719337062	-0.040443764045604264	-0.2514627661827448	0.22837774282766454	0.030907231695950027	0.393983410417712	0.3024079823337631	0.18156507883464712	-0.26294441287564896	0.18777426665516606	0.04238179274776871	0.4036589294031999	0.25897597654138704	0.19266363127632802	-0.32884739153442333	0.1466753175469765	-0.08759989191589312	0.40272072981117507	0.20364681237265525	0.10528377779828607
156	5.166666666666667	-0.011931381406171422	1.5353050926706744	-0.31645009427247206	-0.15499847258494395	1.4332083875847288	-0.13182229698859976	0.1500372345253236	1.4227480518061668	-0.173371812358483	-0.26852340201791564	1.2349814312384275	-0.22697895999728523	0.21277680162277526	1.2520066155938103	-0.3053638572009403	-0.31483413011322936	1.174294735894317	-0.4054276350449279	0.1303549589215284	1.1752325348381114	-0.5122725512236	-0.1075549604631653	0.9603462241373625	0.013797939809933978	0.10844485369084277	0.9537782131962332	-0.014153208867524195	-0.19012620143637063	0.5554235213132709	-0.12634724667364294	0.27077972682670337	0.6273409847403089	-0.0602671717220504	-0.28076462293179116	0.22243082619294774	0.014294607678760046	0.3994755402542264	0.31031704233549884	0.15449018057392924	-0.29378323215742086	0.1817041228099141	0.024850608133980035	0.40868050902272846	0.26646235466942003	0.16511156613521707	-0.3605831376166746	0.1390185506602395	-0.10618891675085243	0.4075192175151045	0.20862402732667262	0.07350148893261516
157	5.2	-0.020281149351106063	1.5002181299143225	-0.3227976763234234	-0.14579278575960677	1.4367383800548115	-0.12802631747710597	0.1491256101490702	1.406273037579565	-0.19578385375112395	-0.2546373204100275	1.243737462093911	-0.21332682017903998	0.16194919885047304	1.2340766722990746	-0.30891687480804897	-0.276584858771358	1.1851191406498933	-0.37859479658728207	0.027817634894272088	1.180214789212963	-0.4729838450172316	-0.10415943003048657	0.9668398665092836	0.022124633491514428	0.10503183717594992	0.9472254890073868	-0.022517754213747822	-0.19510924230723972	0.546960143144092	-0.12771157262011962	0.22606434101786366	0.6246162298717877	-0.09232663392721867	-0.3036612174986724	0.21483171687996327	-0.0003170895642828613	0.3235822915970747	0.2983330893054805	0.10689382461641446	-0.31827598130416734	0.1735942368344835	0.009977048056486191	0.32877319116535575	0.252882314120917	0.1171602226781517	-0.3858801229236055	0.1302994195521392	-0.11800030989565913	0.3178962477359015	0.19080741773838739	0.0170182424744775
158	5.233333333333333	-0.022882877951853554	1.4708438841557303	-0.33065999047539457	-0.13493844028200475	1.4392231259526025	-0.12913890630244973	0.15221987073174095	1.39016503358153	-0.21639719560760884	-0.23790320125090228	1.2549566873697136	-0.20024343279814294	0.12305209058265539	1.2193703651403258	-0.31312152304629565	-0.23968241201194723	1.1877590708832695	-0.34628803403120706	-0.05457484313615456	1.175777714504192	-0.43351011047181726	-0.1013238763890892	0.9726691262135797	0.028999496325150212	0.10225647164663228	0.9413577208751192	-0.02942001048094161	-0.19526839907151222	0.5441930088241245	-0.12598197892475083	0.1756931863783209	0.6252177290572931	-0.1262590218222131	-0.31390781862403205	0.21609004151800248	-0.00930883634847493	0.2385297172000898	0.28342207373161643	0.05024748205255044	-0.32933390888772757	0.17453439588694641	0.0012166171053499505	0.23950539621094888	0.23584846275213223	0.059620225009767866	-0.3974037578816637	0.12746625229618347	-0.12362234224958231	0.21651462573495275	0.1697599938327199	-0.049125344326307885
159	5.266666666666667	-0.026546312388892178	1.4623753656088152	-0.34233889479291096	-0.13411558762108514	1.4420175698183324	-0.1353515911330648	0.1552525659403024	1.3866739420369139	-0.22896468920212917	-0.23180001875166642	1.2629712262131187	-0.17984618750602205	0.12177492990647863	1.216725379023254	-0.30895264141433837	-0.2306434094296834	1.1754718409303835	-0.30935352739246985	-0.06212654567061652	1.1602978847443033	-0.40161698328771345	-0.10132857395419292	0.9738700227061711	0.03282260769197817	0.10240918673305868	0.9401841511993743	-0.03324497997923002	-0.19079395154049766	0.549634885351693	-0.12271938532250515	0.16423840261192166	0.6361554035411189	-0.15293033531960912	-0.3052103770959856	0.2279477528856777	-0.007497222838378732	0.22163728651990666	0.2826318113170071	0.0020970579507300167	-0.3199401842704636	0.1864933177510658	0.00322177989454549	0.22158943792769784	0.2335289805167592	0.009900631721534438	-0.3881542861603986	0.13108387098448893	-0.12346669163079899	0.1934288563524424	0.16535389779726173	-0.10418415127496636
160	5.3	-0.030844552871738855	1.4725064264943768	-0.3555127536525847	-0.14658581792093492	1.4443867817431006	-0.1420175214733994	0.1572958705501891	1.3976688850901722	-0.22870041886692496	-0.2381501548761456	1.2605683015744436	-0.15358185271875346	0.15538222556606954	1.2211708751638817	-0.2907067309867121	-0.24606626510352575	1.1438459951603634	-0.2717713764655877	0.0029984136438798385	1.13096843936048	-0.37532234624677724	-0.10426403644338264	0.9702043251363408	0.03367255272049668	0.10553148495479663	0.9439285059497993	-0.03405397307854296	-0.1804490644480648	0.5583538933317475	-0.11714311019663928	0.19160396534133814	0.6504612881849807	-0.16805348678579426	-0.27685877926678193	0.24130391669886497	0.005959500944291162	0.27169701924467665	0.29495604096974704	-0.022913064542663956	-0.28968188517992016	0.19990807502398178	0.016485041334672487	0.273805297640836	0.2455667590057088	-0.01665658257034879	-0.3585710175948186	0.13642088926778984	-0.11840400045860992	0.2500047443050097	0.1773914640780564	-0.13367896777472937
161	5.333333333333333	-0.0273413943735485	1.489331420370864	-0.3590259442105961	-0.16316654225854849	1.4451871536900676	-0.1405509653760991	0.158986593847376	1.4146727478737846	-0.2116966195772912	-0.251780554323818	1.247645793460807	-0.13070207349474872	0.19567130135079241	1.2224074542431875	-0.257131428909482	-0.2723707435927722	1.0987214436003396	-0.23647767425259716	0.08754308428991339	1.088739715443065	-0.34511661208431366	-0.10753840167413942	0.9647560386894557	0.03190537809627437	0.10894753542912045	0.949440082988054	-0.032197686861176106	-0.16389490371621004	0.5648764485001203	-0.10898746479187532	0.21956946842096625	0.6540183403746408	-0.1662812917010561	-0.23569903121252134	0.24597197982338148	0.024541555172278035	0.3198218934202617	0.3026273902925817	-0.017900005055095272	-0.2465275502291119	0.20404476435566787	0.03474444503326147	0.32434002194836486	0.25394368105445886	-0.012498233312477985	-0.31723146752024645	0.14028537267077645	-0.109054157838392	0.30815807407698576	0.18761015249813395	-0.13226799306342285
162	5.366666666666666	-0.011070007950820368	1.5065121153524261	-0.3416866513426573	-0.17180837700601953	1.4443383299537893	-0.1273634119614144	0.15853345701642052	1.4283515911869928	-0.17724239081342397	-0.2647167850837191	1.2318747035498268	-0.11743356284567902	0.21444622428146323	1.2172826136550408	-0.2096621865125828	-0.2984680862922656	1.0574902163540145	-0.202313225916043	0.1388017360784072	1.044449712017808	-0.30325003872880185	-0.10820830652480887	0.960397498001557	0.02666972989515627	0.1096652736241325	0.9537995919177529	-0.02685060162312646	-0.14424101488907792	0.5687424553978218	-0.10012370136610813	0.22016565232291144	0.6409989715528515	-0.14258182776396355	-0.19341175166478233	0.24085486247171917	0.03931242805404424	0.31524780418137976	0.2918660457229404	0.013189385071057255	-0.20309449587466988	0.19794364151359767	0.049620946271424375	0.3201248816845496	0.24416730767168304	0.01834244961563506	-0.27576390264276585	0.14405619767912126	-0.09543130740720034	0.30683806548981457	0.18183686381729514	-0.10332527510117878
163	5.4	0.013113465139349214	1.5247177061294126	-0.3059480246725459	-0.16776625793997715	1.442702553952393	-0.10996846158938964	0.15277602681892988	1.435185250176649	-0.1321907912114682	-0.26698866762528156	1.222750774870351	-0.11058650426848625	0.2053961679464998	1.2116146806225725	-0.15294493470462794	-0.3113386770043374	1.0417524717118638	-0.16660403301177934	0.14515892675217684	1.0181620722048716	-0.25026504797192295	-0.10561079991337724	0.9576741110845743	0.017318724291341448	0.1070477271406519	0.956479055984552	-0.017415459252526865	-0.12682604493859814	0.5720346197531296	-0.09337593438918271	0.20226273206550205	0.6207217567555798	-0.10312144426750285	-0.1612569155534886	0.23373211168135943	0.04617885683013983	0.2749075159844734	0.26907941537156654	0.05424655451090309	-0.17075225337242467	0.19015338454698616	0.057207928943728684	0.2785569852575779	0.2221386775241586	0.05921102174941919	-0.243554694486693	0.1500989355306087	-0.07926070849211311	0.26164514229174035	0.16594262411909977	-0.06082174585865638
164	5.433333333333334	0.03660969611376096	1.5435748900559594	-0.26704885085157243	-0.15432768867791063	1.441164073303399	-0.10038092502888009	0.1410050572083193	1.4366363901439685	-0.0887296308395898	-0.25055238821831155	1.2255346097816362	-0.10295106316452422	0.18191773169840325	1.2124554262436982	-0.0950553760433967	-0.2965435300652532	1.0638786363923995	-0.1296934362449655	0.12932815658827368	1.0267550676412005	-0.19299557312787494	-0.10129467778650016	0.9557024686554334	0.005355832722258572	0.10270727695267218	0.9584119243870233	-0.005432618434487834	-0.11502005543122708	0.5747632226745619	-0.09014424267419602	0.1906940095517707	0.6079864309111186	-0.06533321071212328	-0.144234408249085	0.2322759001724961	0.047784651835253246	0.24726267162956367	0.25284425239636243	0.08553567201257233	-0.15399980529677837	0.1889516712136906	0.059823135884735985	0.250035689960252	0.20636674240596897	0.09006734858718222	-0.22412931420716925	0.15794525945098448	-0.06433751556508195	0.22738291640823954	0.15720026023520783	-0.02392630809835778
165	5.466666666666667	0.05546034079726161	1.5598384734951578	-0.23728102320363148	-0.13715753313144066	1.4401209640995742	-0.10321324671297073	0.1256973694996536	1.435516144734511	-0.05475759374730317	-0.21550318831401388	1.2389403814403221	-0.0917634632927952	0.15917024920277223	1.2212285784283294	-0.0426950475343807	-0.25031156870498483	1.117575674241333	-0.09460056481650325	0.11574406121735666	1.0692580682956034	-0.13738018766989687	-0.09684611537283548	0.9537956460739914	-0.0065511661916781315	0.0982679278014078	0.9603121693037555	0.006433506736144487	-0.10764927848636029	0.5753196734916126	-0.08948359732408702	0.19522406544652998	0.6086061989251477	-0.04188592396342861	-0.13824613764120602	0.23734544351181552	0.04920824409302938	0.2535766249015511	0.25312525073693926	0.09880890054212466	-0.14819698404788967	0.1950894795507616	0.06218101428174022	0.2568386396007362	0.20697827768961463	0.10279260607764969	-0.2135388074511983	0.16526146322017665	-0.052819642419152095	0.23083138882960977	0.16426085592177586	-0.0026576574182636957
166	5.5	0.07175595941126282	1.5721773911860604	-0.2161686446972489	-0.11992941612519879	1.4395156002283207	-0.11333533812374731	0.11062439927649913	1.433855061871892	-0.028243323582771648	-0.17104057709140807	1.256981627835915	-0.07982010726729656	0.14247225813952002	1.2336435387806803	0.003677557990179773	-0.18570862561946275	1.183105232187202	-0.06368873034733767	0.11160718436272896	1.1268719643415548	-0.08557556439097115	-0.09282370451527457	0.9518009138830524	-0.01713530533577222	0.09428237149170501	0.9623215291769285	0.01695162983093524	-0.10100768372814478	0.5735854150617079	-0.0896020529090919	0.20825285046326497	0.6166459617816746	-0.030390780318959774	-0.13492001853140834	0.24507461095751581	0.05235384721171339	0.27908743062962893	0.26411799503835875	0.10154297267170144	-0.14481339970470553	0.20415378013939767	0.06607852910722584	0.283679549686641	0.21829211970325757	0.10514402008259564	-0.20440893291104956	0.1709137660751746	-0.04393108112818103	0.2571321274225783	0.1810508571506011	0.008322903733945218
167	5.533333333333333	0.08941711801622351	1.5828140953347782	-0.19702805893730216	-0.10394158573880599	1.4388592450055366	-0.12390124501534017	0.09908623396399584	1.4323776101437218	-0.0022568890636734946	-0.129625037646442	1.2729283945487677	-0.07005633582806176	0.12923871473863846	1.24403363660655	0.047955744221977896	-0.12370321179857198	1.2431403865811965	-0.037432561484125444	0.11090880079163437	1.1789292343308218	-0.03925223232948722	-0.08966257030806046	0.9496413172863912	-0.027146330504507172	0.09116244994234025	0.9644917723215406	0.026909796443454023	-0.09338947689732849	0.5711690919066426	-0.08986412548728502	0.22300846833741403	0.6237236334646188	-0.021478195528582347	-0.13107670265184238	0.2527408387497816	0.0542394575727622	0.3054581855845169	0.2755443239017531	0.10504340624244622	-0.14101789475108858	0.21305693499198775	0.0684694792775006	0.31128622939256806	0.23003993415359025	0.10857952594865329	-0.19471963356036598	0.17567199489260643	-0.0377420281299707	0.28454578784202594	0.19779347904429923	0.019266829575771124
168	5.566666666666666	0.10977762836496575	1.5942085741611276	-0.17695328475460462	-0.08919974181322342	1.4374016336919109	-0.13240741441540457	0.09133816048653727	1.4307857355790592	0.026688250004050448	-0.09839403888922924	1.283444894965838	-0.06115853103820298	0.1148648538194121	1.249919750541784	0.09316756235275411	-0.07751390802101611	1.2942360732337512	-0.01359576703149496	0.10550496635275416	1.2190348409466385	0.0010098132359530683	-0.08789689713448623	0.9473060813881753	-0.03765555118400511	0.08942488528712486	0.9668201704516758	0.03739350680632936	-0.08677009491059702	0.5692062736698815	-0.0906403345673034	0.24001804920457742	0.6272856001163893	-0.010464112719906972	-0.13085050861537112	0.26018750296838633	0.05156088321451143	0.32934296959371795	0.2837488229330789	0.1121801041923973	-0.14141671786218843	0.22165162906313696	0.06595536386196625	0.33597550554412786	0.23855657048089007	0.11582043186850263	-0.1900642275671718	0.18069294261489377	-0.035869117933690235	0.30740569083727504	0.2112292788328981	0.03288352540173977
169	5.6	0.13007198948998855	1.6065075605900003	-0.15639151290726983	-0.07444256953573289	1.4350948755809458	-0.13879772637834475	0.08165840221253963	1.4287575664546037	0.05652015412304537	-0.07155841912178239	1.2920944658204712	-0.049176545163894726	0.09564151685155829	1.254838572265758	0.13994395826497902	-0.04011739911560904	1.3457794073778842	0.014469856317866375	0.09247859218692311	1.258533782923202	0.04356067238835104	-0.08631230296797116	0.9452451706272403	-0.0484879885083722	0.08784882096747769	0.9688653405233835	0.0482054412113913	-0.08284599316853984	0.5674929951571333	-0.09127790891634875	0.2547924990619047	0.6300613247836486	0.00277483186471523	-0.13506757077056983	0.2665790285261823	0.048019588588001066	0.34878353422830527	0.29018941144464916	0.1186253332109042	-0.14658722318206496	0.22917533487773778	0.06257509255867302	0.35603049539681075	0.24535276341428114	0.12205644197630093	-0.19202078167165051	0.1863857198164236	-0.034573593582100784	0.324448571944976	0.22305881498786617	0.04536463049221374
170	5.633333333333334	0.1456368198141526	1.6184613999726714	-0.13283021412183363	-0.05724266649410285	1.433739629635614	-0.1420855285693564	0.06124476360432627	1.4270428185209325	0.08377598855327982	-0.03128504590520495	1.3089782629977615	-0.03338287547267542	0.07151499657927589	1.2671817356340878	0.18805920341219545	0.014547009142444896	1.4091205711203991	0.05438194605272037	0.07811215753160745	1.3152175555218966	0.10552592259775041	-0.08121046024836218	0.944194615383629	-0.058395147764479856	0.08274535665017281	0.969916680013794	0.05805142461183873	-0.07780629534761055	0.5657708734182784	-0.08967972102759345	0.2517553105607614	0.6346001577072068	0.019966652992428214	-0.1311803932458253	0.26924568945367133	0.054701713451350865	0.35040970995942095	0.2946161838260891	0.12282221383783873	-0.14263148366808812	0.23283109314688688	0.07039144233468479	0.35838807357684666	0.25023947026907856	0.12531517904802672	-0.18572330869408815	0.19227162880886206	-0.021364725461906767	0.325088555275344	0.23334292985164595	0.05666270333811944
171	5.666666666666667	0.15437068314050217	1.6292300966518414	-0.10162352216497908	-0.03665212090698702	1.4363541197637837	-0.14114357291412882	0.028827406060880734	1.4274447797576537	0.10745544898643994	0.034514503754063355	1.342489061941852	-0.018633059780382846	0.04923324493338434	1.2934298452519444	0.23607784795865122	0.10535167788045764	1.4842584132882202	0.10513579115356032	0.07560157958085813	1.394109248671052	0.19405701537698983	-0.07010742148004558	0.9443658927759143	-0.06622428673085408	0.07165550289133384	0.9697816373156907	0.06575606874638838	-0.06390539145733426	0.564733227348739	-0.08538454889585328	0.22083967810090535	0.6395519599714353	0.043539430774993663	-0.10194105800797268	0.26723477488450675	0.07825628792168528	0.323003036546593	0.2940359725045184	0.13028399822376593	-0.11093509183713926	0.23144956434790542	0.09678070562182237	0.3318267281110513	0.2501935910263565	0.13146918436145977	-0.14896827425470896	0.1965458567111017	0.0130015609684451	0.30028718230508694	0.23836158735645663	0.07401279626990377
172	5.7	0.15885226456729087	1.6384374050726593	-0.06482156046203001	-0.016591218766193364	1.4442965323327164	-0.13620927272547562	-0.0031926235681990077	1.4314337410364515	0.12819088796672878	0.10885028079104277	1.3879865286380908	-0.008834087366798006	0.038669929530088396	1.3307589679197576	0.2793992956482635	0.20765292039547503	1.5544943010445516	0.15414640330729237	0.09184038102078983	1.4771208585965971	0.2892452016206323	-0.05642663937317972	0.9452531866904665	-0.0714258072884576	0.05801572760494388	0.9689482856158426	0.07081454594299075	-0.03866566495254191	0.5648736257106013	-0.08226379692011154	0.1748905905273647	0.6400519618564025	0.06981097876452774	-0.047738988392796236	0.2632391177768484	0.10843182116352014	0.2756343821225186	0.2868007298232399	0.14644659775868438	-0.05225951599250037	0.22761837798691753	0.13077102169043858	0.2849857039501092	0.24350107012961986	0.1471722484617332	-0.08018347939776682	0.19516458460635733	0.057980049985774204	0.2579955335331801	0.23303156283379856	0.10265771858297629
173	5.733333333333333	0.1629631923248058	1.6452527002265163	-0.03455648221699125	-0.004421805165723846	1.4549330454989229	-0.12752988671266133	-0.019017161844926446	1.4386286114403324	0.14529242119135616	0.14903729027368146	1.4266941844824594	0.0004595190768253894	0.04167391192209057	1.367350561929406	0.31193545148534146	0.25579931411842577	1.5962882189747378	0.1884428018955711	0.11454757589369464	1.5351528754664996	0.3569897207286414	-0.04776252323449567	0.9464995769175882	-0.07374992798804551	0.04939316464923013	0.9677203709849872	0.07306865888985531	-0.010830503224492338	0.5645229341396384	-0.08526282930474499	0.13846136551025964	0.6313378458533625	0.08886388812041143	0.006469665336372849	0.2590308122399587	0.12332272028843755	0.22895140764004032	0.2745819647692074	0.16792897223143205	0.0061973068820565585	0.22307016422446668	0.14848152657154506	0.23789138621938644	0.23188584143537172	0.1700701167960253	-0.009970497243059494	0.182931452814586	0.0870114648483319	0.2147758940228422	0.21433424399559742	0.13644319543769898
174	5.766666666666667	0.16714898954995572	1.6484864651851359	-0.02303638957590751	-0.0040646532096438506	1.4630351133233723	-0.11489009286925037	-0.01578600143965299	1.446472568034818	0.15706664287621191	0.12683091608194755	1.4403067463830679	0.01677802056168063	0.04803213504547164	1.3906640467348805	0.33173358171079576	0.20554805584862496	1.5980494555895381	0.20564523713659788	0.12125153236133708	1.5519846815504115	0.38126305571651514	-0.047960326185250896	0.9483166738684623	-0.07348445985583349	0.049592242961710456	0.9658490141946227	0.07286088316385414	0.006000227696574074	0.560530708200954	-0.09362980646629121	0.12068666676443388	0.6135989837473783	0.09454600416176703	0.03290749159166806	0.2512628214410644	0.11022195461805818	0.1923962440576655	0.26095341677415795	0.18496861995672817	0.03460370188625519	0.21439099059898337	0.13563637576509213	0.19980940591570573	0.21903664669600842	0.19003757150316808	0.024926867679565028	0.15870025467737958	0.08247403187515484	0.1772305485300046	0.18568418018236021	0.16255857668456392
175	5.8	0.16937913481993178	1.6473463777964077	-0.030234878147449913	-0.011234425135306871	1.4650372186811143	-0.10051796176807602	-0.004442724837180991	1.4514253994232251	0.1638543573797421	0.06372313113276101	1.4286335148330411	0.0375915820992734	0.04799412944817199	1.395740815947498	0.34292287994976783	0.09366457506732545	1.5717355770114378	0.21028496721027617	0.1066836135994861	1.5351510709214038	0.3758461890294212	-0.052740869207155795	0.950589243885019	-0.07222048315719233	0.054336998330368924	0.9634774825768653	0.07174552061277954	0.005380776518233948	0.5522830069359563	-0.10088603432232347	0.11066202014917263	0.5943145309010436	0.0924130937534412	0.025776798604286267	0.23628379223507712	0.07687092377000093	0.16193378395076538	0.2503033936019804	0.19212285839906704	0.027086920771928168	0.19800585512454472	0.10003086428570317	0.16738545899056181	0.2092563328302548	0.19984488766128086	0.015726903417247005	0.13073303852059193	0.05082001795262439	0.14327491465146455	0.15989189028444173	0.17462696905492334
176	5.833333333333333	0.17155561125070917	1.6417401621226384	-0.044641559223457555	-0.016514772867673742	1.4613841215667158	-0.09046242388277421	0.004848057478323124	1.4511731067209763	0.1679503805945381	0.015020206900469499	1.410380062597913	0.049349612626382565	0.0454973277635201	1.3873663829909986	0.35004186565685497	0.013455276425843248	1.5451716797181163	0.20450364726620796	0.0933294252773726	1.5059512442463645	0.36457379951473035	-0.05411508707586229	0.9522305778256513	-0.07238555770831098	0.05567999073040281	0.9617618240668204	0.07206117396900348	-0.007071579676234774	0.5440202506056206	-0.10404089467468805	0.09837078029227557	0.5842358430357679	0.09489144636993785	0.0016284184733474309	0.2179682035659477	0.03900353426782945	0.13610099878095117	0.24700775733917402	0.1922760126692832	0.0015623139974008226	0.1781878034635943	0.05858308741646985	0.14022402864330955	0.20662362402169987	0.20031721528471017	-0.015380186616315773	0.1137836539216821	0.009533180776404825	0.11633836182780798	0.15358209805992606	0.1766847471289022
177	5.866666666666666	0.18163424411699924	1.6331832730702018	-0.05475671982216352	-0.012520152261943304	1.4544017852454005	-0.09082358206802514	0.011086239397252796	1.4462832921336677	0.17029103399813594	0.017954373390743184	1.403065912330503	0.041659066973956556	0.05142619985821262	1.3750238799186347	0.35289469944197727	0.025643157553669995	1.5381303515599805	0.18761069233643946	0.10610766035601615	1.4823812954614428	0.36017402230307927	-0.047204196121197015	0.9521417782228628	-0.07534912856963565	0.04875201625273204	0.9618355133053007	0.07511499673708341	-0.01827296664662572	0.5409328781435576	-0.1090526118347765	0.08695368457633713	0.5888355754414298	0.10910696225787031	-0.01735686378543513	0.20569028672662748	0.0027500949568451476	0.12084296136363334	0.252536736771129	0.1901804341930542	-0.01868210829721436	0.1648094413377582	0.01850797221472251	0.12484629806267214	0.2124605045707344	0.19530958239992294	-0.03841263097537521	0.11716268856449708	-0.0318362988309575	0.10516413780620434	0.1735812299612004	0.17579410890801037
178	5.9	0.2030572579397958	1.6263534077052544	-0.05577307461393747	0.0015473640650208672	1.4457400495795147	-0.10174402628361766	0.014528566150747567	1.4391005614092482	0.1703340512380742	0.06373965246716742	1.4049180892109254	0.0182420296649332	0.06500872369817284	1.3639356604077046	0.35020592983938714	0.11008359504316191	1.545029568490202	0.1623615568567833	0.14172886816369695	1.470104462027497	0.36371994332602164	-0.03226583624003554	0.9506345058775978	-0.08008420456045265	0.033769564338866465	0.9633628112672971	0.07987406230124035	-0.016625800181591308	0.543457464025279	-0.12251596535381672	0.08180355041842852	0.6035337324043193	0.131394972135131	-0.016995712392685075	0.20418753932386535	-0.03458668344910787	0.11802650658080122	0.26296105397006475	0.18793775746095265	-0.019260795333893643	0.16279795810053554	-0.02239272950966302	0.12289754566754657	0.2230130635347115	0.18803592294015184	-0.03620697037728477	0.13581374792784562	-0.07103287313362132	0.11001198663813568	0.20856903651345537	0.1768528396954416
179	5.933333333333334	0.22100330920746644	1.6276234578294888	-0.04565949538871397	0.02068725876166053	1.4378727392663666	-0.11450238618443401	0.006917251139591057	1.4304345972487593	0.16927107879123166	0.11974270901429696	1.403069116836907	-0.005479380160790656	0.06979292752762235	1.3499992025838843	0.3452604466617576	0.2072256274637634	1.5471668383312958	0.13937234561109502	0.1725091015872285	1.4645638495327749	0.3730330077819531	-0.01225033896882827	0.9494329831458964	-0.0837174972016286	0.013668749106633238	0.9645967655455261	0.08349017736376686	-1.5342081412615476e-05	0.5477528284617761	-0.1405361588274449	0.07835903527372606	0.618232863118791	0.15334033074378348	0.0029928919730902643	0.20934007781324182	-0.07170720407199312	0.11871162426860225	0.2712963943279323	0.18871098833379987	-6.925135381877603e-05	0.16784662289964603	-0.062641500657739	0.1247829203567507	0.23146600788100868	0.18429430509888	-0.01142234477025532	0.15506370347898701	-0.10273342575736319	0.11784656410522305	0.236765795049932	0.18471617004148644
180	5.966666666666667	0.20957789965229864	1.639187310035855	-0.021243472221648248	0.03910679041264564	1.4357518419075834	-0.11677931879035772	-0.023268252664042203	1.4188135063240663	0.16942369642383373	0.16605785406153722	1.3956258757569924	-0.01295266194931301	0.05052524796919502	1.3246636842987882	0.3418425398039305	0.28232353835070756	1.5402539032416382	0.13475537301125493	0.1777925464869897	1.4569616130670882	0.383774833908377	0.010103533000155016	0.9500213792893341	-0.08366869492499499	-0.008741293513534722	0.9640760480924	0.08341062422099184	0.023281339159643075	0.5509525771734755	-0.15157809032200262	0.06727249618356808	0.6262379765107398	0.17015392751668368	0.03019793181485993	0.21408190095213142	-0.10076158630784515	0.11206405020357517	0.2732853628353604	0.1984726467847714	0.02641483755311647	0.17262134855753652	-0.094298201025985	0.11909980647358462	0.23340270938791585	0.19234973327632054	0.018560004913633153	0.16370463132080615	-0.11976514741287342	0.11447941349312321	0.24374897394044992	0.20443603043842756
181	6.0	0.16243367039942697	1.6548320735845476	0.016668927260147303	0.05424606537608891	1.4422075566973314	-0.10464632537931261	-0.07397873811386817	1.4048106709083195	0.1701705199480788	0.201941793788849	1.3918787715079244	0.00017653351549982234	0.010621803365640753	1.2856602724260802	0.33604096072436396	0.3341445117905914	1.5357402806115523	0.15736241160181547	0.1625602589533868	1.4374439847553584	0.387533273252423	0.03241085966813079	0.9519979000543368	-0.07996931552391802	-0.03098817497855803	0.9622271958198485	0.07968898637593877	0.042489176564411944	0.552787456537563	-0.14987141208455113	0.04844919741600335	0.6281741487679849	0.1818822543829401	0.04960590595974418	0.2145753033212956	-0.11708209379170448	0.09910134631926487	0.2704266632755532	0.21929795579662636	0.045273847036410415	0.1731529067817419	-0.11258846428285789	0.10675534393594385	0.2300312752432857	0.21452091241535448	0.0368236662476055	0.1608914527969454	-0.12186378231861879	0.10066253609239814	0.23327839876320677	0.23616028389184884
182	6.033333333333333	0.10954699898217295	1.6644605246786042	0.05652126565208222	0.06537791689422412	1.4517276975626263	-0.08828510398012054	-0.12302900832451852	1.394455452387418	0.1686186491970777	0.22572631861954515	1.389565096125625	0.01857836348032881	-0.029445319311174376	1.242210499193869	0.31954574205663094	0.3614049469790878	1.5318661431885283	0.19476399292455732	0.14536408736957465	1.3980761007228413	0.37691735708134805	0.05079646843264076	0.9533739351661765	-0.0755048118429499	-0.04920855581634019	0.9610086127210936	0.07522591753404614	0.053367883734987104	0.552455182595765	-0.14101347500974643	0.034604184367148336	0.6287559449859705	0.19017592639005096	0.05603404411248158	0.21009510864629233	-0.12424120910484986	0.09476080824550234	0.26739709931413436	0.24483328270538796	0.05153392444488528	0.16865112819002093	-0.12078813578809504	0.10307898777897107	0.2259975351890413	0.24286887547691824	0.041514983695527245	0.15199632760703097	-0.1153645098919733	0.09472656286835196	0.22108342875485065	0.27428502973885494
183	6.066666666666666	0.0907395171755173	1.664384869311783	0.08085391446704462	0.07100515054620261	1.4539238142679651	-0.08193441402703122	-0.145384538128842	1.394615793521338	0.16460611371776435	0.22692815672797448	1.3696829506300485	0.019114705084814606	-0.05082529197053713	1.2086589621900072	0.29214748605804214	0.35142924288381516	1.5035686463385123	0.2201319855400679	0.13675234602165923	1.339832225223625	0.35322638934364137	0.06094383719237642	0.9526984904781516	-0.07330298944180376	-0.05919931518526961	0.9618093724839076	0.07305111422845854	0.0596360274841707	0.5478883601185192	-0.13368941392065425	0.03801901893634141	0.6319140716788714	0.19732655543696778	0.05666533198558437	0.20115851980213628	-0.12790909481688773	0.11270468530809388	0.2673066973716086	0.2664625882978678	0.05255860449343842	0.15952882036490035	-0.12419693910868031	0.12218705436942973	0.22465795778743236	0.26707064723773816	0.044942952047591425	0.14204852899381182	-0.10485610303041575	0.11485914503732764	0.21926565736450776	0.3133942204173389
184	6.1	0.11419635892300865	1.6608293219446426	0.08120570404315831	0.07107266134319282	1.4453903538038793	-0.08906388815914675	-0.13688432017674237	1.4046038793930655	0.16117184944459131	0.20410094593589012	1.3243014964919397	-0.004453690024362656	-0.051131601468953826	1.1928215358376217	0.264961225255572	0.3065435077024944	1.4370479984987417	0.21871913822758937	0.13495260588188018	1.277033525944765	0.3261683172011866	0.06243742636267645	0.9505702419629296	-0.07353468901641998	-0.060632947469853093	0.964002830464093	0.07331940367190293	0.06587831695198795	0.5396579885701194	-0.13037181319268049	0.05464686830825514	0.638352480544908	0.20565373106542548	0.0603377802006263	0.1902599914761638	-0.1294918246110729	0.1457718593774562	0.2695068032149456	0.2805058353647858	0.0570066556771211	0.1482174868278282	-0.12442482120899914	0.15675226046916882	0.22565061450464707	0.2826884250139076	0.056512086001278314	0.13398402754838878	-0.0912744526323553	0.15470855260304672	0.22707048393173412	0.34892436182745895
185	6.133333333333334	0.15142380718363316	1.661219183088452	0.0663564739526518	0.07033282060497545	1.434483849946722	-0.10081363957917405	-0.1155569192380299	1.4155101570912123	0.15983886504459818	0.1789667990605468	1.2766820873903846	-0.03372198435307582	-0.039546159125935676	1.190539782083672	0.24913788168314252	0.2627806057822255	1.3623480064587936	0.20087334356041678	0.13959146867056527	1.229454294656052	0.30605961905382895	0.059921474461932314	0.9487705181668514	-0.07370055240425892	-0.0581253946175074	0.9658282205908133	0.07350535581668562	0.070358536820255	0.5328844795832451	-0.12819268831506905	0.06504511168331951	0.6456043241900071	0.214218016704059	0.06578869743847818	0.182248577370133	-0.1281003676657853	0.16495472955463283	0.271256379001272	0.28637432150384584	0.06297214167131736	0.13965349218771772	-0.12176403157890349	0.1768133145067871	0.2264801842684998	0.2889464295415169	0.0690860824073423	0.1292302901496466	-0.07843798991756071	0.18036125962749014	0.23487925150762035	0.3709136793016391
186	6.166666666666667	0.1722236608657291	1.6650257677811133	0.05333237500169844	0.07574383914473083	1.4316843994766775	-0.107505904617311	-0.1000136805712862	1.4191278496391413	0.15897220547844296	0.18047774356118892	1.2595328481955275	-0.04615796805419334	-0.02196552746113329	1.1911096488311395	0.24515753364124404	0.26463395493740777	1.330842960803011	0.18609565652398444	0.1603033652090786	1.2067829839205046	0.2967131114109869	0.058621021329750334	0.9483158415996866	-0.07177635347215963	-0.05681765120004398	0.966294074167994	0.07156693247169776	0.06772123999445252	0.5328745047923455	-0.1255037841376917	0.053210423338320156	0.6500220266366515	0.21824008786806953	0.06445410292466877	0.18135439673059384	-0.12513793279537133	0.14438004454753928	0.2708572018059835	0.2827811258636135	0.06129116852208142	0.13823185749736988	-0.11898335677175781	0.1555617596608823	0.22563958150924546	0.2844445274004154	0.06769974569619241	0.12731006684023805	-0.07444471443411799	0.15990291892833383	0.23476796009615364	0.36733381916221086
187	6.2	0.17494619702056063	1.6664594931881656	0.051092939287964094	0.08868275555406431	1.437800304423431	-0.10739490545149737	-0.09121012039698553	1.415390115341738	0.15790057052527245	0.21142953406199744	1.2780097562696553	-0.038457024071279176	0.002313454380068699	1.1872457956969775	0.24518233958822847	0.3143124620193454	1.357705090521343	0.18069014984054704	0.20223829447374383	1.2002095829199462	0.29263185148361803	0.059146533055320645	0.9489801741480526	-0.06870426827991663	-0.057299722062095965	0.9656193880678549	0.06845788024674151	0.05718006506770147	0.539696901459481	-0.12434577525300611	0.02376109070180103	0.6488564311820082	0.2141758726916308	0.05302776212433179	0.1873539018289433	-0.12341917014146847	0.08922007285592796	0.26833774433129176	0.27100208242575885	0.04874034125726944	0.14381104995959137	-0.11900747022431339	0.09823544865419649	0.22316475118976264	0.2708655497426394	0.04894149765971383	0.12617752683899108	-0.08345651865682065	0.09775527427975712	0.22618444123950066	0.33902787027266107
188	6.233333333333333	0.1803730676070182	1.6634923232407475	0.05524753212347198	0.09977719190792887	1.4443716146712144	-0.10440066373544514	-0.07542386086993233	1.409935784765137	0.1601093477594185	0.23391887751722376	1.3044798536032285	-0.027448223189556437	0.02986739569718714	1.1792984722663125	0.24328330586394462	0.35025429851520534	1.3977068213247221	0.1721864850884375	0.24289743827604993	1.1882691114304067	0.28095409241218927	0.0563630551383105	0.9504731216256292	-0.06751347316634532	-0.05449469312475233	0.9640687740867776	0.06725959040631488	0.04209396912630246	0.5486065459697427	-0.1274366428244865	-0.0007790630415874986	0.6404558648462173	0.2034558509522036	0.03599062415762872	0.1950135697383727	-0.12348766955733435	0.034808134966297706	0.26298849084287457	0.2584965959749354	0.030572784140936768	0.1511172571175231	-0.12089842024318967	0.04114602974558634	0.21815205331259524	0.2570430737257601	0.02286906956488708	0.12436418422656836	-0.10075459747832206	0.03414116465827926	0.21262585287839053	0.3036704387440911
189	6.266666666666667	0.20324552059907616	1.6599958106403152	0.057353362474958626	0.09418446575061487	1.4439407796177564	-0.10194803964747329	-0.04224037945543296	1.4067334131885527	0.16975394101839159	0.19803462344496645	1.3080699900502935	-0.03280305408781315	0.047425120666419004	1.171257087261957	0.24073518778001518	0.2944967865950214	1.3858935613360581	0.14194513246697057	0.23858051030761665	1.153716640234962	0.2509678812761463	0.04389511627435427	0.9530305062944013	-0.07012821672088396	-0.04206522887949943	0.9614046857738098	0.06996131736955243	0.023421820217600437	0.5554462292486104	-0.1350780399107191	-0.0006590463179891141	0.6248691498140431	0.19055710294711847	0.01710867305486566	0.1985953558931961	-0.12380746309896998	0.014400644167958356	0.252859998602172	0.25319764136784506	0.011384733851441524	0.1543574512892727	-0.12137530871691962	0.018409882606240338	0.20842430155134006	0.25234490661899645	-0.0013152315373289461	0.12283821698704234	-0.11819185610497382	0.0073467581342737415	0.19662093416839976	0.27923489022378456
190	6.3	0.2365799461922939	1.6593526607720448	0.0549580262334147	0.06672028300104674	1.4369774867349503	-0.1014343049004999	0.002454737737790593	1.405178803278204	0.18536040101979043	0.09644937947033179	1.282076585130586	-0.0612338483592788	0.045090184196243464	1.1654916675014912	0.2419918830141498	0.14017858024691773	1.3010892585369245	0.0846273931518662	0.17234026157795312	1.0998460102638847	0.20694219909454994	0.021349504152832714	0.9564918255022145	-0.0755002742666514	-0.019568219118021216	0.9578268598332613	0.07552191250945223	0.0018072068819633706	0.5608103875859188	-0.14612406504759712	0.023322944073002182	0.6063719383390757	0.17985334501693562	-0.004060081052400894	0.19901227393608079	-0.12374274827797767	0.027808103949568817	0.23936624875037882	0.25430391308599815	-0.009138470454051653	0.15448232833311804	-0.11927910622525029	0.02983264686297396	0.19518280699844914	0.2558797320080218	-0.021880617625904406	0.12520052771139323	-0.1313381986992556	0.018400811724064402	0.18055303937106115	0.2675728814674678
191	6.333333333333333	0.26404060227022214	1.6589894121202045	0.05145376171855478	0.0321619654637543	1.4289804587280925	-0.10393974615455522	0.043019832891436044	1.4028693135468	0.19975781685557178	-0.013727812511095585	1.2426740438292005	-0.1039035689209246	0.03461206367388245	1.1617249761714683	0.24804688788953366	-0.017485706675549488	1.183425153629983	0.01718884283786663	0.09169863534838486	1.0489105737459254	0.16819022457600696	-0.0036432157805458398	0.9597379130526525	-0.08101750795618798	0.005450328378238726	0.9544981713362242	0.08124034853934584	-0.015230657802843734	0.569271832701284	-0.161554266428683	0.05348770697410021	0.5926169354300699	0.17443935084990672	-0.028497789712543083	0.20610916659007017	-0.12439980847973339	0.04338432345954869	0.23007356898817433	0.25280562221211067	-0.032922548589824706	0.16144512761165475	-0.11658923370270323	0.04305327061471859	0.18572174969191046	0.2568437256843353	-0.04014028695567166	0.13627215836504292	-0.14125153300838014	0.0341845172223299	0.1693294609852588	0.2569882364913233
192	6.366666666666666	0.27998186617253973	1.6532435833493562	0.04974914906166096	0.01440226531200946	1.4235362009186254	-0.1098127958792121	0.07062980309990693	1.3987672824188397	0.2072195850189444	-0.06017695280574042	1.20859043461902	-0.14505196769930798	0.04259413773316607	1.158792394889692	0.25525070285955526	-0.06553843774096593	1.09062877110639	-0.033842408032487725	0.07213321310243472	1.0208518513077198	0.15110014818533082	-0.02190222921496589	0.9617314098106928	-0.08497733839568423	0.023828737112988295	0.9524596251402616	0.08529841094628283	-0.017351632249467692	0.5845808201166296	-0.1843455998471699	0.07406555912982818	0.5879350312991761	0.17532964654153482	-0.054787939725180736	0.2299200149132541	-0.1278998234966486	0.031704588936293944	0.23200339861100916	0.2420559778027791	-0.059860642937964316	0.18534752915203345	-0.11688951669620264	0.028109952895783278	0.18687197174492398	0.24680604368371498	-0.056759286336421334	0.15864356387086254	-0.1530182746716039	0.023834414736740903	0.16715395218853912	0.23762191227590843
193	6.4	0.28887134737452763	1.64174907066243	0.0487096159306408	0.02103964126024748	1.4201328473380856	-0.11708158197443602	0.08635722967616699	1.3941740425142581	0.20804140864389326	-0.028942545921650808	1.187757551195538	-0.17279339492310142	0.07688031459034522	1.1563933738227534	0.25945761499410663	0.010149531455273057	1.048648117877232	-0.05523950271901003	0.1314223717848964	1.016294125840643	0.1534752425319756	-0.0299540609473735	0.962531443440031	-0.08704427601374624	0.03202466421554915	0.9516268277504647	0.08733284638780443	-0.004429623688352484	0.6048283193114443	-0.21340245301726413	0.08181314845888475	0.589011566171863	0.18036957334326964	-0.07641671941519472	0.26743147080626306	-0.13820993666809342	-0.003965836236708843	0.24190754123499159	0.22517161420853127	-0.08341513893616898	0.22314605687634892	-0.12550045154424658	-0.011027955464531034	0.19557956292108913	0.22876978364212455	-0.06871113131891032	0.18829292481460824	-0.17320456775390725	-0.01012485609178492	0.1713906207672653	0.2119896763671157
194	6.433333333333334	0.2891426430412341	1.6327498850755813	0.04488160507282814	0.032927447189069675	1.4178282984177675	-0.12300685642050535	0.08973176819555102	1.3923195843793303	0.20488684758547002	0.024736450400873765	1.1801383542217379	-0.18474035793516105	0.10865302853138566	1.1559352342936304	0.25904917788259396	0.11637303750473493	1.047225937698739	-0.05595476400140363	0.2007833304646875	1.0220984466741392	0.16027258655213833	-0.03044600413441911	0.9627567473937865	-0.08707465175360471	0.03259770489244269	0.9513741126183489	0.08728021075183795	0.010332286238773152	0.6227514734593534	-0.24015750970738747	0.08025367643221805	0.589384731905304	0.18455937658883576	-0.08120671463423344	0.3011004188564892	-0.16101150692973001	-0.03273998645280875	0.2474763992690744	0.21100265647133068	-0.08933310406197766	0.2572020717382575	-0.1489466160425278	-0.0415317294780931	0.20011321595242015	0.21299079743820226	-0.0670322454940415	0.21442324867045748	-0.20595321605261147	-0.03774857972941038	0.17319169906887777	0.19162380153460562
195	6.466666666666667	0.27202466261709307	1.6351989831226386	0.03669429042954531	0.025416191181547722	1.4180336105784233	-0.1271625586748099	0.07616916626787529	1.3962286591648414	0.19820209386014248	0.040936945534914955	1.1841254792987765	-0.18663591678270128	0.1014289960766849	1.1594494957764114	0.25427046173490325	0.1595147624321884	1.0657789606422001	-0.05415776262756365	0.1985266211243105	1.0274697568572535	0.1612236246759271	-0.027918896336129498	0.9626281427972578	-0.08481503317442923	0.03005517433281779	0.9514991707988445	0.08497922322766344	0.013230858484164222	0.6317805623450095	-0.2552288444623652	0.07205987049733624	0.5864015448268091	0.183178929038509	-0.06130546711385452	0.31382555907918275	-0.1980212880881845	-0.0300958678850891	0.23989965370438504	0.20527956324051366	-0.06761630350802608	0.2702842640165485	-0.188840682378697	-0.037455296676035026	0.19218203583099247	0.2066352267583061	-0.045042388098247434	0.2267973891604984	-0.2488016285581096	-0.035662089054956464	0.16588752070878854	0.18538571451786998
196	6.5	0.24040781267865816	1.647664023157938	0.02711700683243637	-0.0013120821139856402	1.4220092989603081	-0.13125212851841966	0.049213319547248495	1.4051623588336204	0.18800143596684984	0.016302284340223527	1.196077725928212	-0.1867188265557247	0.05521114951642609	1.166394978434787	0.2464484191350224	0.13551997890505063	1.0893392087407696	-0.05911592086815801	0.12156074921197503	1.0301950759702867	0.1582331661499315	-0.02513615066794095	0.9620893423373492	-0.08095232339216651	0.02719034073015122	0.9520657359788061	0.08112934725921453	0.0034404509343635248	0.6308577616209754	-0.2571946240806535	0.060025288546672766	0.5817064863129715	0.1761509655247635	-0.02669210293585073	0.30375765996514903	-0.24051025284772976	-0.0021095749843292877	0.22242411137696838	0.20723511918346982	-0.02881030717785573	0.2603710633262686	-0.23529706891357172	-0.005707054763313834	0.1750302910638748	0.20918713860227542	-0.012041514285674921	0.22388347436268774	-0.29125836229977475	-0.009728647194392575	0.15127332117548042	0.1924309985948182
197	6.533333333333333	0.21667613485868767	1.657930458751684	0.021633956052702043	-0.020027795532359245	1.427403701902563	-0.13635138217003864	0.025200724031850145	1.4136213096117984	0.17748466633843749	-0.003210568937381076	1.2084732920033903	-0.19064665617931165	0.010336183263301603	1.171747907494078	0.23860260081689308	0.11265197974351687	1.1080579216991082	-0.06757380284650685	0.04909967152080499	1.0315358426798797	0.15789439895973478	-0.021598098793955894	0.9614217581012445	-0.07748188075685399	0.023554943003059377	0.952777487556087	0.07766559255303492	-0.00851454475320667	0.6227616199727679	-0.25176087663302726	0.049113793395827304	0.5768696030740171	0.16885328969643437	-0.0014156486705714543	0.28240999760901	-0.2730754621486063	0.024329366899405992	0.2051848591972213	0.21265700383363056	-8.158087597545096e-05	0.2387852091050796	-0.2714883866321878	0.024393579869738592	0.15825576193317892	0.21548421830608072	0.009225576428701338	0.21198860351669568	-0.31971361482402266	0.01564021809277751	0.13659019026147257	0.20578131643500228
198	6.566666666666666	0.22207479538291625	1.6551080027965082	0.023083564041666445	-0.006541689787595459	1.4297806344705755	-0.14147483967469285	0.01909641502554417	1.4156340419172329	0.17154063694496127	0.02124762804632869	1.2139577856763581	-0.1994911722305676	0.005926277391844108	1.169392656586092	0.23451795091396316	0.14867099652120974	1.1162907964636204	-0.07365256831532548	0.058493425055967566	1.0312115397133228	0.1621695985163251	-0.014985351527254838	0.9611690921685548	-0.07618015123955812	0.016863211750118793	0.9530782368234718	0.0763092468451213	-0.013375111024243899	0.610558969591148	-0.2446079330599866	0.042843651503352516	0.571826129052762	0.16720047369204677	-0.001518337892469262	0.26187556030620585	-0.28721807382439907	0.02949187958733193	0.19498593958657118	0.21811458417296598	0.00010060032824249217	0.21755376886236644	-0.2882709389717303	0.03143689586249368	0.14808139806511267	0.2210046219772513	0.004102313845591144	0.1977882661964525	-0.3278664900860094	0.023429090823756774	0.12727791005381828	0.22001141250071582
199	6.6	0.2523728441204411	1.6409448888406895	0.029253184868376313	0.03276777514617098	1.4272559845247936	-0.14424422650083005	0.02987843656511668	1.4103799329211086	0.17238948162728088	0.07976086367373361	1.2107470856458677	-0.20955942139826664	0.04073144966964884	1.1587143446326804	0.23570249239421812	0.23155171088870305	1.113746351009046	-0.07575295043493485	0.14501713655176543	1.027828985255574	0.16721205460658994	-0.005042451740948282	0.9616068293244242	-0.07702198894132241	0.006873717188844667	0.9526866877384736	0.0770519735532773	-0.010925459423824248	0.5980522420730074	-0.23907349175286888	0.04077180173884949	0.5675080005873993	0.17226997873302274	-0.020063550588345334	0.24819541607710005	-0.28989707643266527	0.016559841805174686	0.19263072459235886	0.2233936782811205	-0.020728715898111334	0.2030019116861419	-0.29285490740982245	0.018769538110771318	0.14524651026296864	0.22552390203724737	-0.01923691395131543	0.18580157613812343	-0.3239928094710801	0.016427807638178638	0.12475003294758225	0.2345998650325749
200	6.633333333333334	0.2811841704012013	1.6278006030927115	0.035682262532899967	0.06702320971129117	1.4218951061063794	-0.14269337923305708	0.04371697069804611	1.4028491386866118	0.17814355946506802	0.1246851174919843	1.201986788266948	-0.21408067113174087	0.0772126418891671	1.1465601717548626	0.2398105071986369	0.2917479872168571	1.1028091718729152	-0.0739510448444902	0.2272713825641182	1.0212943954026767	0.16809666048870212	0.004484369956992956	0.96258015125813	-0.07876017049322441	-0.002653693661297486	0.9517393695845462	0.07872856255970966	-0.006337644394599018	0.5908994256554653	-0.2386740122116504	0.042221180287131704	0.5669494540065729	0.18060675037040536	-0.03667124857122084	0.24395703862736218	-0.29662114527620737	0.004262805839381713	0.19689576247728147	0.23128060727594785	-0.03971090821937681	0.19835035855928684	-0.30113246786835995	0.006110175985599164	0.1490309851221171	0.2330105817782476	-0.03985418639932832	0.18170908502862593	-0.3256339533025926	0.0096243167837893	0.12913845977041227	0.2516195276376495
201	6.666666666666667	0.28687499472601374	1.6258456389214029	0.03953810831714735	0.07223160371946019	1.4169176235844696	-0.13745963968978755	0.048923727080649036	1.398953974328959	0.18466004215275694	0.11978228612073218	1.1915880749339522	-0.20849445791006413	0.08168655731434253	1.1410982988988656	0.2425948945272528	0.2733875841632261	1.0864430178033735	-0.06733685919989763	0.23242806285544257	1.0137463831443898	0.16334304733876553	0.008759623602863127	0.9636660214886432	-0.08052733353141514	-0.006878133249260944	0.9506411752420675	0.08053503734509494	-0.0035704424625622776	0.593046006658302	-0.245910506899603	0.049048427286832216	0.572290455733055	0.18847468138797535	-0.038942516748311916	0.24958383692675046	-0.31522839355993576	0.008260112348106403	0.20667304589935864	0.2444075899807965	-0.04278402641102472	0.2044766140826192	-0.32091428429396407	0.009724845480298769	0.15886243617411333	0.24717127087784235	-0.045371534368480314	0.19028311624187888	-0.3433895964391233	0.015505424523083313	0.14025320441651112	0.27126403376577674
202	6.7	0.2715247974076219	1.6338513476838783	0.04060210487732198	0.05261702319362417	1.4141930302275603	-0.13205409804072446	0.04489522861247307	1.4006191955759635	0.18823481528932753	0.076830821388221	1.1830522177458282	-0.19564885981265834	0.05656723703740743	1.1444073964285022	0.24155423102592238	0.1957462707429836	1.0712436916755397	-0.05693480533119264	0.16973265457151698	1.008571325882162	0.15658702376802355	0.006041041799203999	0.9642524670676195	-0.08204011507667489	-0.004095475560710836	0.9500238168625318	0.08215260954285226	-0.004210560043561566	0.6021548490672646	-0.2575672155711281	0.06222429115354322	0.5823127126698081	0.19446388748981627	-0.031828501844922974	0.2600837820312415	-0.3368348554879717	0.029662474191579025	0.22007047538405988	0.2623717205298294	-0.03512818031560546	0.21603192758622247	-0.34304288210348444	0.030941201865127523	0.17291244123197902	0.2673259769025659	-0.04035231812184829	0.2071034763149422	-0.3694617510540735	0.03610806098449193	0.15606685310486434	0.290155503955554
203	6.733333333333333	0.25332702090122416	1.642871993351484	0.04029340851621817	0.03140679400965081	1.414140068064939	-0.12952928815662107	0.03789729993820284	1.4054610430514327	0.1880201803424221	0.040685906036232976	1.180073805237943	-0.1834540021332759	0.030985102932123497	1.1520862488987316	0.238079105480961	0.13330332291892227	1.0672346395504608	-0.04722718960400306	0.11000734284033317	1.007939081377727	0.15460568033974922	-0.001073674701570574	0.963715195516788	-0.08288009563216384	0.0030227054936990882	0.9505606174490627	0.08305638951464772	-0.008793675434359152	0.6109426062208612	-0.2655522058784816	0.07838825282920844	0.5941680412034699	0.19945930991584665	-0.02765573367026245	0.26588729659835464	-0.34513835187233183	0.058594611653470484	0.23475835881036722	0.2830484442248273	-0.030190195145295157	0.22249414309129156	-0.3511390031392556	0.060129157501619665	0.1885110456407426	0.29009235687135615	-0.03625267436247431	0.21865527535723006	-0.38536745987308063	0.06527135137280067	0.17341289882473776	0.3058500203781856
204	6.766666666666667	0.2463163465197902	1.646475462386459	0.04074604797936498	0.026499712987880918	1.416143584494535	-0.12897235968061216	0.03230195396269148	1.4098712293763076	0.18650244190833423	0.04081805122725911	1.184271877282804	-0.17628695340774997	0.025168329691810716	1.158592008550725	0.23602552186422518	0.13229266751316598	1.0785469314241123	-0.04171359962406041	0.10122530691056227	1.010798862151823	0.1617417793809475	-0.007055029576138443	0.9619399210518278	-0.08264986837083727	0.008917147327121292	0.9523832992925585	0.08279280569840285	-0.015192592701878243	0.6130811641194414	-0.2643224762823185	0.09138614930892379	0.6059228162662698	0.2057373947702007	-0.030830849231536804	0.2610218145491513	-0.33475807368460175	0.08351156806740978	0.24913929799696233	0.30524686132073514	-0.0331190789384147	0.21740024773877809	-0.34011753302577546	0.08582375417035487	0.20373042800880514	0.3134709286898911	-0.03768011994349807	0.2152879123735697	-0.3807815349873612	0.09330338912146728	0.19002418357155437	0.3222689451091589
205	6.8	0.2515317344562096	1.6450203063963573	0.043635951158073144	0.03818129677239555	1.4185097905869242	-0.12688392205010943	0.028995259835503388	1.411415625722397	0.1867460259032701	0.06531317800843367	1.1922811262565758	-0.17139141314658143	0.03325020015323939	1.1610770128409573	0.2380545905668698	0.1648228108425768	1.0962192729436957	-0.03945248787556822	0.125455830107449	1.0138637418978818	0.17484908993085083	-0.006853592086080495	0.9597393838120506	-0.08164728187038021	0.008609007815957078	0.9546372490277808	0.08172217855723253	-0.018003543267643616	0.6072036898854822	-0.25506801073370106	0.09585594956632648	0.6157727477331856	0.21500376655345937	-0.03510061353707848	0.24886866086037784	-0.315483874444943	0.09521477848948216	0.26118848812522655	0.3275277750613608	-0.03772787305696019	0.20464324298302428	-0.32011795233356616	0.09832916119745906	0.21641841217494773	0.3362747333508387	-0.0404488454169505	0.20083223892199198	-0.3602441037721691	0.10867187064970618	0.20343158185779509	0.34565202319138427
206	6.833333333333333	0.2635598527884429	1.6416330765805416	0.04869275600707902	0.05508202770685225	1.4191890398671492	-0.12198725281674384	0.03046665915381222	1.409173875874476	0.18940159241242494	0.08158192268821485	1.1976000470514474	-0.1650656426378895	0.03951468295646299	1.1593545439983575	0.24394130447664977	0.172578366632419	1.1043898782530759	-0.038234916955329275	0.13713711318205238	1.0143185782181325	0.18513971302245294	-0.0008434722791652559	0.9585008386910584	-0.08076884544324928	0.0025792677184365595	0.9558835022480392	0.08084765254070383	-0.014410942222694947	0.5967365447233689	-0.2422051588749498	0.09037354566340484	0.6202966867777528	0.22603682222836166	-0.034960101899264864	0.23747732066025506	-0.2973664184920623	0.08883114843505867	0.2669437827045278	0.346053560569778	-0.03824814408725863	0.19301614061051442	-0.3011256830653561	0.09199313320196945	0.2225638184908636	0.355258600861459	-0.041215473808161374	0.18668112732007058	-0.33280499934069263	0.10282018728009897	0.2091713595877912	0.37356540178781494
207	6.866666666666666	0.2782222734026802	1.6377690881522726	0.053727320473291644	0.06617333653359496	1.4173484976680293	-0.11689837989876978	0.04131396145449828	1.403740845503441	0.1930768749871271	0.072784650897222	1.1960066934241413	-0.1592248030260606	0.03929454249406953	1.1549727934478113	0.25198705065711313	0.1365451789317715	1.0935513613877452	-0.038729505841457616	0.11890911260973921	1.0110374071385542	0.1866121772281762	0.004182615301901616	0.9590723548983254	-0.08077066374917917	-0.0023552764219654286	0.9552712669306604	0.08095262484469137	-0.009594030902113979	0.5869907497881222	-0.22916985064045048	0.079086265876533	0.6163507802302646	0.2349316451192474	-0.034732396188237875	0.23066265755303383	-0.27967987198377886	0.06815783465529662	0.2628643345241829	0.3566522945586905	-0.038720601528436704	0.18634776071654924	-0.28206766746608075	0.07037727962909542	0.21854473975088107	0.3663689538687161	-0.04429089118080352	0.17950363957398863	-0.30371725627432017	0.07889484394722063	0.20382899119023556	0.39322555570438794
208	6.9	0.2929977677997119	1.6333772709005006	0.05669923504101877	0.06914548732682943	1.4139342014792164	-0.11498467472852486	0.06063154416123573	1.397586831147375	0.19610227915915218	0.05110016643743265	1.1886466613029059	-0.1593503843229442	0.03884688531710103	1.1506574136892136	0.25981377306498277	0.0900684442134046	1.06830054247742	-0.04308578862057959	0.09072110481101153	1.0050553459298464	0.18162574161775136	0.0025173187231153416	0.9607704220263731	-0.08167423554936744	-0.0005672682306425997	0.9535232708774761	0.08198136151649223	-0.011168380797583036	0.5810074296495892	-0.2185601138424591	0.0683454984148849	0.6053198510220271	0.23818070755235182	-0.04234888001919034	0.22609332942555638	-0.25929907856856493	0.04406590438102888	0.2504591323565115	0.3577461459261864	-0.04691749125358234	0.18177398753813134	-0.25992894270059824	0.04494834553671911	0.20582191107876813	0.36768655075023204	-0.05556973946469514	0.17704613469869768	-0.27778960066646746	0.050597050611967495	0.1899148303689604	0.3941614157447569
209	6.933333333333334	0.30498275897341887	1.6290297694775562	0.057372190949027034	0.07091928120380345	1.4106449171390312	-0.11743533914610078	0.07813343749544199	1.3942531521096788	0.19651940932678144	0.04108324959690681	1.180415804668261	-0.1676653551270174	0.04263393877156564	1.1488570171029504	0.26363238104265396	0.07457295106964539	1.044545838515046	-0.05101308291783849	0.07973743952536763	1.0006106437361517	0.17681543497305163	-0.002605180262991884	0.9617452130636909	-0.08271677208036307	0.004623335420887131	0.9525194464288672	0.08307683052059381	-0.018500855640700895	0.5772846927887452	-0.21276549349038446	0.0601474535979222	0.5938287249062715	0.23518060205660163	-0.0567310359135394	0.22076653486023246	-0.2419825283872677	0.024243709370353028	0.2368731922926114	0.34961058126915745	-0.06174693416790946	0.17605943909831412	-0.241276420644484	0.024197982326722704	0.19160706119496607	0.35917575169886357	-0.07200521338774252	0.1732703695725789	-0.2617807823952936	0.028323132627094096	0.17489619714634674	0.3791843020143189
210	6.966666666666667	0.3115268710765507	1.626320454192955	0.05652214306365268	0.07832394277197469	1.4088580715304087	-0.12347919879026885	0.08312081513914298	1.395829369261359	0.19240279498158705	0.052951059112870576	1.1758319846605505	-0.1803878914522432	0.04822884392954558	1.1499610468895085	0.2603154045808378	0.09624584419607454	1.0368689724867801	-0.059362091542356867	0.09356478719839849	1.0030533418566976	0.17529988979801456	-0.0031056078393985323	0.9608399067304901	-0.08301505268428884	0.005127811809985246	0.9534132092440561	0.0833340445651407	-0.022917271536559453	0.5728103131690517	-0.21232765292314973	0.05178490249691477	0.5886464380347802	0.2283095974479385	-0.06709538432260638	0.21521119712626013	-0.23721565999781372	0.008656668505929438	0.22916961616750964	0.33375982545619787	-0.07241300974663634	0.16999748407381887	-0.23631637454242777	0.008367964989155763	0.18311746154939434	0.342394933135945	-0.08235820232254655	0.16536942987416026	-0.25895245178938436	0.011987550963535753	0.164897462169445	0.35992147956049086
211	7.0	0.31241262741668113	1.62610881672962	0.05407959786553437	0.08842758157654174	1.4090464388170214	-0.13139461212952713	0.07645579400588233	1.400822455645939	0.1844494379952294	0.07313470340142486	1.1756344407023847	-0.19143575624903703	0.052550282781887274	1.1522512625573613	0.2520019424121679	0.12697315398672177	1.0447001516639165	-0.0654354551864707	0.12028631315605919	1.0123835880669958	0.1755441704775704	0.0024310878451709907	0.9589317262275433	-0.08237502581938198	-0.0004302443289505494	0.9553119839653939	0.08260980352960709	-0.019391595887445205	0.5684266002123953	-0.21549121316339306	0.042660711015420724	0.5907785864824375	0.22138357091296806	-0.06557359438903097	0.21237525563970538	-0.2458812002148874	-0.003359777595841715	0.2283295113421414	0.3153411805298024	-0.07091746520697367	0.1668035019610965	-0.2458325007791743	-0.003504006824418894	0.18152527673895857	0.32286021284406013	-0.07963412758315988	0.15695964407582152	-0.26636810318970744	-0.0006668056260813594	0.16090046399866953	0.3447027282462041
212	7.033333333333333	0.3107718299880293	1.6266809024813225	0.04911204783409429	0.0932284915492102	1.4101850320016756	-0.13876120631863784	0.06940721159685495	1.4049468984611955	0.1766464381856157	0.08329874559305958	1.1769949365137924	-0.19810142598553038	0.05775234855172271	1.1535898853896325	0.24564978959977993	0.14182490171028111	1.0533171433875888	-0.06982846302934692	0.14681631023889272	1.0205949434210044	0.17644953558434728	0.0069374608311624075	0.957843941294527	-0.0811682972932314	-0.004968366173107187	0.9563937966724688	0.08133018500558263	-0.013001689109632036	0.5686371178104841	-0.22035648676933964	0.036522073326604385	0.5953096784814349	0.21727999953237936	-0.05617685757814032	0.21455805603734956	-0.2599806910365142	-0.00907710486254668	0.230050124547016	0.3026266713366962	-0.0612008319055756	0.16880877785141613	-0.26121080752482884	-0.009057568919081826	0.18276383423567444	0.30924800347449	-0.06913257487845093	0.15495389733097464	-0.27945822095456074	-0.007509523165656058	0.16070097692273755	0.3347460377525041
213	7.066666666666666	0.3108896403907393	1.6248651829974925	0.0418192249027605	0.09256868119467196	1.4103187451603463	-0.14349131264751488	0.0702429675611389	1.4048131436490903	0.17226425119704003	0.08381672828393992	1.1774880417359068	-0.20292595622822285	0.06756527019219073	1.1531161156150156	0.24566487593105452	0.14671953089755416	1.0516280502469604	-0.07569662101734911	0.17013657470723362	1.019507117632544	0.1792143344799946	0.005357329848116366	0.9581928550366886	-0.07962626068677406	-0.0034457778420552638	0.9560607977356528	0.07973853058175497	-0.01176473944684601	0.5753272215607947	-0.22614342068010235	0.03535099283723148	0.5971866055114536	0.2160265957227034	-0.04915897738742364	0.22165074679881935	-0.2726091956416159	-0.008302259058948196	0.23079911293471433	0.30043633051337454	-0.05371311556864026	0.17591875772775434	-0.27509991701204567	-0.008154618369889895	0.18352106631976195	0.30652882047348845	-0.061840516678658676	0.1624214211724584	-0.29470560598342954	-0.007403428154058136	0.1624087567938335	0.32986937349016493
214	7.1	0.31357605755751106	1.6201598774263348	0.03418855018158603	0.09365819311620549	1.408821216025694	-0.1458751903430758	0.07583109156407603	1.4012170672058715	0.1703830196334174	0.08981633979503587	1.1779434730278306	-0.21024202384138851	0.08062245042443693	1.151874070796185	0.2489302486892495	0.16516322393560345	1.0451891424436448	-0.0856883689509652	0.1924683007156093	1.012182176934179	0.18296974753118758	0.0011654509636005743	0.9590203797372955	-0.07801096439793642	0.0006671100414959001	0.9552843773269314	0.07808689946577496	-0.016924415959607385	0.5851174805238817	-0.23256551078342566	0.03636005108125711	0.5966314912457451	0.2155253391253789	-0.049596292609449665	0.23165278552281043	-0.2831117168349749	-0.006096658492777578	0.2315039683399932	0.30542324007454885	-0.053793619200609426	0.186170708481863	-0.28663429145730346	-0.00570537384747719	0.18468504363236082	0.31126235466716506	-0.06217036043385713	0.17568024375527325	-0.3080690845922051	-0.004127989314037925	0.1656470511287247	0.3319000658416565
215	7.133333333333334	0.31424019582320384	1.6165918040356493	0.027458247048733772	0.09718643851514368	1.4074115338582822	-0.14908061712806386	0.07799753432643881	1.3982913091541	0.1677375168263207	0.10730632631362653	1.1801030750104895	-0.22151285077073515	0.09317342395033193	1.1519616769332472	0.24880421189203228	0.2068176280570403	1.0476646689485412	-0.09995589083410181	0.2173603521125248	1.013570782425091	0.181810235223746	-5.6341641389216865e-05	0.9593064501338265	-0.0773262294148827	0.0018273150293424475	0.9550767208536699	0.07738223797749437	-0.022854416606762958	0.5948790128027222	-0.2399587197458918	0.03786655461339127	0.5985335380270677	0.21437929484618487	-0.054089215411480956	0.24297369997574192	-0.2937165186329594	-0.00543135066564119	0.2354068956924965	0.3101270102751179	-0.05798801621688652	0.1977634601500513	-0.2977894620116096	-0.00465965534094407	0.18903656143524195	0.31591135943993326	-0.06467352274104493	0.18969383365735348	-0.31670085437576995	8.675577782173052e-05	0.1707608580781962	0.3407665998409572
216	7.166666666666667	0.3077545740440554	1.618377009605592	0.020087451573388825	0.09359544158412857	1.4079234396793567	-0.15630986197040217	0.07445541586584069	1.3988280667448647	0.16250878523492793	0.12400758780703541	1.1826678112024316	-0.23398372574526394	0.1061474371108904	1.1541252921606744	0.24178989227844122	0.25689311607873777	1.0621573610604893	-0.11584784669698826	0.2508970303501567	1.0347624029858309	0.16916167991916028	0.0010714615636929986	0.9591515154982695	-0.07865661601193186	0.0006812394752454997	0.9553139146745739	0.07871999008059391	-0.024227599997767447	0.6059957330761712	-0.2496396709071016	0.04376005785670194	0.6065023412849513	0.21330018515413246	-0.05627225527654928	0.2552030765084048	-0.30526415836885007	-0.0013878785849768096	0.2433960331636581	0.31084586068414133	-0.05959092242285145	0.20985213868591923	-0.3092613307105479	-0.0002498400218197582	0.19691080038401332	0.31680062296555345	-0.06131618330047904	0.20364999590318367	-0.32313922584183785	0.010158922274193547	0.17755470258224682	0.35098792032883436
217	7.2	0.2956256599969046	1.6240973241637935	0.010233624410289289	0.07723278125844582	1.4095383722385235	-0.1666808762856649	0.07036961582982929	1.400833863328292	0.154913927837392	0.12429983078652831	1.181376636553865	-0.2430879894292837	0.12066815465687065	1.15564735820866	0.2278040237699362	0.2895215974500687	1.074837791404725	-0.1284951415920141	0.2901766053818838	1.064384177195378	0.14492396510756256	-0.0006267402434125262	0.959542458127268	-0.08134107382831536	0.002382515188150503	0.9549863874072402	0.08143401827336105	-0.021222407742378775	0.6198608491031421	-0.2615472249903684	0.057833494288731545	0.618034895589766	0.21392736121895978	-0.05238580536055143	0.2666831247628164	-0.31611670400601266	0.013213112771851035	0.2520336793672282	0.3104347684534491	-0.05471511054584463	0.22064409078905345	-0.319789712927831	0.014661330988543556	0.20484961651174538	0.3166264715621061	-0.04982122556414759	0.21860254014242886	-0.33323596983669673	0.0317804079215885	0.1848961449435459	0.35466295695506883
218	7.233333333333333	0.2863267836990966	1.6276388810988585	-0.0005889749813394922	0.05685292200351569	1.4092371005910709	-0.17492997112565695	0.07122580740508584	1.3999393572718333	0.1452738834666626	0.10530669571064422	1.172699370167953	-0.2463655063677747	0.12710120168195782	1.1521818860413888	0.2056069026353783	0.28548194586907005	1.067403578567792	-0.13393831815941398	0.307608246395521	1.0719568248637756	0.11602757408121098	-0.007582863746442045	0.9613047813509421	-0.0828636018261422	0.009328289656747731	0.953258100219853	0.08298833465807513	-0.01894622344130395	0.6326481520892993	-0.27167237903817737	0.07568634134140585	0.6266773277951304	0.21728824018871531	-0.04300785876553827	0.2737124890061198	-0.3228479545687281	0.037379123329075364	0.25673714926783453	0.31409154072432266	-0.04434933310942237	0.22690067383966694	-0.3266941038053932	0.039221156397511996	0.2088793008199804	0.3200323030297319	-0.03583741021211939	0.23228099751078268	-0.34868230052719135	0.06032072934887861	0.19188238006986147	0.34684607251798427
219	7.266666666666667	0.28711170400573693	1.6257485465992014	-0.009239229915732285	0.045962628940567025	1.4054653110635607	-0.1772271904347548	0.07762358173782177	1.3955815522697663	0.1330362287629721	0.07674811771037751	1.1577059724160805	-0.24585181143482185	0.11120575178915423	1.1437100384711183	0.17217548799616444	0.24454656513106343	1.0360573638044432	-0.1347152972394839	0.2691927290246019	1.0391686967393434	0.08781965648004401	-0.017353172442363788	0.9640849701219343	-0.08149133748989028	0.01908480856022414	0.950482459927166	0.08163592237568718	-0.022366389822458123	0.6387972882015226	-0.2751917158384577	0.08754765587092025	0.6290624158338571	0.22273343576232113	-0.03327722353185403	0.27465688910257446	-0.3215504936055009	0.06014282422038425	0.2571491254730557	0.322687395012372	-0.03425797812007972	0.22756970233283502	-0.3262242624211838	0.062433348057082026	0.20919889019189353	0.3274350254821359	-0.02857335073357921	0.23975092853975988	-0.36350688944204385	0.08120096554526902	0.1988335735011627	0.3280207763646309
220	7.3	0.2966967056386758	1.6222718404192835	-0.017017227597624376	0.046993101050159455	1.400838978980068	-0.1771183628924324	0.08759125133522962	1.3929429285361632	0.11728782617959445	0.05077890222497253	1.143626162053372	-0.246412361456504	0.0786473561855427	1.1376052305025477	0.12770251615347003	0.18761533559942753	0.9981926290616157	-0.14218244836279778	0.184022232122549	0.9865978876490408	0.055127472639871354	-0.026967230212111486	0.9661495713739854	-0.07824824652013344	0.028731278969688502	0.9483851585123964	0.07840537291081426	-0.02979610498396063	0.6376771567808641	-0.2734844099786834	0.09060470312333047	0.6280516215607909	0.2266823158644324	-0.031795118121112714	0.2734553718864806	-0.3087171193686322	0.06996365997684698	0.25839863238338134	0.3298603930749671	-0.033309195186695215	0.22666528280084564	-0.31361543497262734	0.0722549729681792	0.21088152631243573	0.33303835914547236	-0.03367581091736871	0.2384855932621136	-0.3674725302166653	0.08369399360107559	0.20617114361083833	0.3039664528489188
221	7.333333333333333	0.307334555421746	1.6228562835285623	-0.03128944420971752	0.05093208652075852	1.3999108870336223	-0.18274388590899882	0.1018553165029394	1.3969847790361434	0.09730802387524162	0.03396512859225647	1.1402921955709528	-0.25089729610000294	0.0641042639260881	1.142596804495756	0.07813851539369113	0.14161413183649849	0.9779196304769104	-0.16980951508486153	0.11939186921502343	0.958362840920359	0.005227874022264425	-0.03654071197065943	0.9656175597320628	-0.07515191471993224	0.038404949290074715	0.9488191565222007	0.07533217950623369	-0.031638902563402266	0.6334437053573828	-0.27513866266185266	0.09390980841855037	0.6280226642202181	0.22313275008165967	-0.04526005995004819	0.2768369835904735	-0.2814709486227186	0.06423153318214861	0.265848258109296	0.32682974499024875	-0.04797154362606186	0.23060261427753004	-0.2839343655073105	0.06537185027120071	0.21892225874111237	0.32967105041811856	-0.048651798867492886	0.23126464540944347	-0.3525475536881973	0.07116987899484911	0.21285792562678918	0.28322329259032464
222	7.366666666666666	0.3119721910140562	1.6274424439905824	-0.058347434794755626	0.04917789837705173	1.4039428404405463	-0.1966590247897912	0.12350830008714629	1.4060553705256957	0.07325065971073767	0.024119500427974516	1.1519610005231957	-0.25683402441320086	0.10092778463790347	1.1592828073143622	0.030882457725262893	0.11541467077220702	0.9842284177626718	-0.22018060984211296	0.14106993425210412	0.9769528978965765	-0.0672234832209879	-0.04770301138485641	0.9623669488574481	-0.0723172693781196	0.04968423197616034	0.9518949087655719	0.07253755467533292	-0.020089780734626344	0.6297731089968076	-0.2869141946331276	0.10677799676853685	0.6290640786721416	0.2079717269755383	-0.07040254693797307	0.2876866270675065	-0.24036014969254746	0.05009939453312396	0.27870326812595414	0.31190461256802127	-0.07443989410119684	0.2421250039519467	-0.2369463423722135	0.048864645783814664	0.2324272982198784	0.31682667968000305	-0.0642078169673737	0.2242982983498646	-0.31954490001983477	0.056113987889276275	0.2169304656742832	0.27133476270935775
223	7.4	0.30624067357397927	1.6310247115863612	-0.09557901369873842	0.03849403199901505	1.409207379207356	-0.21096371805285596	0.1508961280595483	1.4139369706309395	0.04708325265613264	0.010610872911393121	1.1722570697986907	-0.25874819649217917	0.18049659754248132	1.1791961164298672	-0.01084590319616699	0.09136121087846777	1.0056932433636194	-0.27892331270124177	0.2390454639611387	1.0221414859240174	-0.15085779615398973	-0.05998674390098272	0.9584161737749137	-0.06842355358222256	0.06201011769654376	0.9556656294322661	0.06866680092804425	-0.0015286949110799777	0.6273002976835644	-0.304496914592767	0.12573086915461731	0.6279873044655399	0.1834725501079518	-0.09217700962586965	0.30098927589537416	-0.19450384657909006	0.04036189457989339	0.29035358090136354	0.2951346619640266	-0.0969285572626508	0.25632911739088704	-0.18373097880290926	0.03668694313835759	0.2449825747886949	0.30391557301444905	-0.07044321021770508	0.22179990384182613	-0.2805930863002875	0.049925205524103476	0.21748015953074473	0.2671084174118561
224	7.433333333333334	0.28576575946348726	1.630810505720698	-0.1336325481955289	0.016208125428550796	1.4111317204139724	-0.21521072723284537	0.1740744692900506	1.4174522985578566	0.021961867335055604	-0.019657824430902613	1.1889332307771896	-0.25422099027274625	0.25409577977488007	1.1938392593552247	-0.048916262370591525	0.04380656354445066	1.0255615398100537	-0.3258698400224338	0.3325743704263935	1.058075827811002	-0.2277967692178383	-0.07053571703199465	0.9558559847132594	-0.06356999717386021	0.07246648574429239	0.9581776037503347	0.06375659624714938	0.006474625642916806	0.6253571817704333	-0.3154099969651182	0.13932774191637656	0.6240272857458463	0.15743158701341012	-0.09482467116064584	0.30724705539385755	-0.159677415501662	0.04804838102710701	0.2962950729181171	0.2916715706105359	-0.09907384027654684	0.2637216555136316	-0.14347944778967026	0.043522049628327286	0.25227036059426244	0.30423781024449936	-0.06402548358704974	0.22176579650538564	-0.2514999037439692	0.058938306986947214	0.21617749818213605	0.26739274208330116
225	7.466666666666667	0.2488320066315483	1.6291684348440891	-0.1655000392597444	-0.019543752708922526	1.4089497386311456	-0.20762051522328373	0.18286781109602182	1.4192463939880648	0.00011888574548221459	-0.07015550981690206	1.1941173655608146	-0.24657760056792513	0.28036353178721174	1.2020002129651643	-0.08606268728978142	-0.03287352291611427	1.0371004289836876	-0.3526339744434076	0.3525075782221041	1.0707160326172946	-0.28960828221865836	-0.07726051971825292	0.9547206007258086	-0.059717410454915264	0.07898515946808495	0.9594570611844816	0.059742289983399734	-0.005677675636304012	0.6244041533958508	-0.312022703844298	0.14390198809109006	0.6207359992699877	0.13719697017121696	-0.07765752210853111	0.3024802684973318	-0.14536735253160146	0.07660919197124744	0.30059618253546905	0.3084231085672159	-0.08047051021839371	0.2601384324039011	-0.12740628749083022	0.07319044350265516	0.2584658205511786	0.32362134859996206	-0.05161976478803029	0.21897531885901633	-0.23816267500164284	0.08203623007365113	0.2172792536292446	0.27433579871179914
226	7.5	0.20431005717259756	1.6290249187696835	-0.18998880014640998	-0.06162505974720621	1.405370873650153	-0.19584290010420974	0.17788841740996814	1.4226156895266415	-0.017773272290983782	-0.12672155101008092	1.1897202263890672	-0.24092677612823205	0.26247551374542755	1.2069922317244042	-0.12056653104649323	-0.1149014128204512	1.0437195338398433	-0.36583145266568406	0.3034367368756257	1.0711361749265074	-0.33699804558176166	-0.08091028952207957	0.9536605867782273	-0.05787282114147224	0.08240744169669731	0.9607380887842986	0.05768996511943571	-0.028804878660968026	0.6265906048744105	-0.299342974734201	0.14667506820411078	0.6215619594227914	0.12327524441032596	-0.057516000041898385	0.2943961868581231	-0.1449879986678006	0.11258678281935947	0.3122953327268191	0.33589996324308063	-0.05915683425190199	0.25314697820175347	-0.1274867939156607	0.11074130831229476	0.27269876296925366	0.3531453572324813	-0.045410840099815435	0.21244915114776008	-0.23176642649321555	0.10816684571938338	0.2253099165704665	0.2921343412958454
227	7.533333333333333	0.17058927928192452	1.6293498181349118	-0.20769136936142887	-0.09413677318253567	1.4027793484470252	-0.18817602732299266	0.16987932403834335	1.4262988965866588	-0.031556374155481744	-0.16636844875108067	1.1840004765925305	-0.2393624895917734	0.23501402801426263	1.2098927688807437	-0.14612605182079766	-0.1684639506207087	1.0501943396506526	-0.3757540570405303	0.24247999636928894	1.0717781001767122	-0.369144474217542	-0.08390473803200034	0.9523141967560584	-0.05630351740877082	0.08524998037345635	0.962197696973084	0.0559633593722448	-0.04806645769324145	0.633887286200584	-0.2881166299843399	0.15300972795757006	0.6254338726746946	0.1075816471444226	-0.05271987723222504	0.2949763377715595	-0.1426670047983198	0.13550380778657894	0.3352663553029317	0.3538598594525612	-0.05420846314280841	0.25469863028238127	-0.12507473667253577	0.13412525697193892	0.2987971916981982	0.3737058917297599	-0.0526301311933075	0.20667103881080362	-0.21834682340843578	0.12359256679053941	0.241045858426707	0.31574728887368153
228	7.566666666666666	0.16013832605727812	1.6269378132133623	-0.21893174678516525	-0.10696512149458144	1.4012933042591678	-0.18709510544613808	0.16815319482690105	1.4266581769201014	-0.04148269374895481	-0.17719199491677523	1.1838821309439964	-0.24141281912743517	0.22447402210871023	1.2090377745648013	-0.15814788903424176	-0.17815903841786138	1.0579709762391731	-0.38788931622705225	0.21472906575673173	1.0730323536178845	-0.38290770317876954	-0.08806227564687968	0.9517777408667646	-0.05254332204592017	0.0893652189058008	0.9626808332207614	0.05213685967947137	-0.060923626360127034	0.6449858970804516	-0.28168790951285777	0.1581948746429419	0.6279627843281205	0.08041722475186772	-0.0660982417077042	0.3065671860992736	-0.1280417599298676	0.13796349049876006	0.362607584286194	0.3473341797345855	-0.06775963304544216	0.2670655874903609	-0.10856222418959523	0.13616792213712	0.3294055969950589	0.3705168346360721	-0.06957486774255031	0.20489143682725175	-0.19158368160867945	0.12534217733166522	0.25906635768790665	0.3292561879693744
229	7.6	0.16577196665416494	1.6204664607984733	-0.22684767899879726	-0.10616093999509951	1.400039585717311	-0.19012550727247757	0.17282797844361722	1.423511726248602	-0.04929240431526804	-0.16733511055016054	1.1894768622179226	-0.24704127943060927	0.23043922734891722	1.2049546983013666	-0.15976518912070842	-0.1556982579476505	1.066059946294361	-0.40340995895895787	0.2196724555734334	1.0712303971409456	-0.3815834993337045	-0.0933743226362673	0.9528035606036707	-0.04634729409739218	0.09470543780123228	0.9615379200743076	0.045930450144638646	-0.07517286523403473	0.6541714782451113	-0.2728053973485315	0.15568061250593368	0.626105606779191	0.04164036954896032	-0.08607062388760127	0.31815637758214843	-0.10247142165525429	0.13206994004875425	0.3805391959352987	0.3181378949427962	-0.08716013595350086	0.27901281624416496	-0.08054410383636772	0.1304387270185879	0.3497477802048603	0.34417246252884864	-0.08795246093694695	0.20486172905911504	-0.1577543354880712	0.1241242406069546	0.27009319486129	0.3186246308475038
230	7.633333333333334	0.1659344205105501	1.6104697720273862	-0.2387319859988821	-0.10578125346735381	1.398451011756765	-0.1934453930753186	0.17859106383529744	1.4205792538960078	-0.05840526732675777	-0.1539648675538646	1.1945850293425002	-0.25678471113547785	0.23875469777320849	1.2018895252315862	-0.16155944858724414	-0.12415426867535048	1.072168321875705	-0.4212058288298223	0.22970676444575616	1.0679843375793479	-0.37805611249874493	-0.09824629531531791	0.9548117199366405	-0.0395517725502222	0.09960774271267527	0.9594677018331185	0.03913492177848982	-0.09419412996914557	0.6546478898413507	-0.254203248331085	0.14964737504515438	0.6206990234020124	0.002137407467498732	-0.10228009777351342	0.3160090630029111	-0.07450462616269299	0.13765043502569763	0.37797553158367025	0.2800256932325555	-0.10236128336861001	0.27651968831336615	-0.05187403838212996	0.13756579205387057	0.3475620461818776	0.30665435385327633	-0.1063273940766201	0.2023732644340105	-0.13151628863445902	0.1352976804206916	0.2674563158858191	0.28244009063315645
231	7.666666666666667	0.14506216706199157	1.5970727257769852	-0.260685940085035	-0.1126866274140463	1.3961927591258316	-0.1943277922570158	0.18237541161327286	1.4201972343012945	-0.07178462460161723	-0.14786668710188755	1.1931274649954238	-0.2693866073679723	0.2416769088537247	1.2034365167128134	-0.1742035104207281	-0.09991091083418299	1.0737814912620531	-0.438020253283049	0.22596169260934912	1.0677595250111596	-0.386035662548986	-0.10099265072222349	0.9568412572040155	-0.03360665157958266	0.10234292680595507	0.9574460323137323	0.033190134766879584	-0.11273385728117796	0.6440823371080424	-0.22897112576965944	0.1540483975549525	0.6150963978533077	-0.027445841211275416	-0.11593460843982181	0.29682429505635366	-0.05267564767028423	0.16753655621090013	0.3548944692551167	0.24359835512773806	-0.11608244190123532	0.256251925035605	-0.032241065630148696	0.16985455458374285	0.322338489741409	0.26760785787320873	-0.13162371329137257	0.196414668847968	-0.12494759222413275	0.16906805483778817	0.2525189701916729	0.22892007601675024
232	7.7	0.10804442182445685	1.5803324869606192	-0.2900386955460089	-0.12279732754151165	1.393765497927779	-0.1919400956480504	0.18532465718340183	1.4203518217522682	-0.08856743661702993	-0.15085428164756978	1.1862846125603204	-0.2799394112662354	0.24267098194742667	1.2082943977191047	-0.19796883263785703	-0.09174509861174618	1.0711558205037703	-0.4487613846496788	0.21303248170440625	1.0709876637549969	-0.40666772155260994	-0.10154699111118241	0.9584829542595508	-0.028428647871423882	0.10285357686103132	0.955823095013801	0.028019090011101543	-0.12532045919965423	0.6263052943262845	-0.2066160508669176	0.17765896193897196	0.6121142505887818	-0.045614045927851087	-0.13375687744888132	0.27024029296708507	-0.04005481808841027	0.21956338204416104	0.322826648505931	0.20756140904497986	-0.13588504623625391	0.2283573314022075	-0.023637403328977676	0.22415473569823066	0.2863908020000019	0.22624861854341405	-0.16791422864602445	0.18923967622738436	-0.13625987867604744	0.22352493119331082	0.2334205097659766	0.16588553572697418
233	7.733333333333333	0.07382345373970255	1.561406796731962	-0.31534315799375534	-0.1295384165590275	1.3936253825181995	-0.1863539148735596	0.18969151423047914	1.4174403122711843	-0.10363225752050446	-0.1628876039776927	1.1823118992734836	-0.2806019662281011	0.2478562222020611	1.2107518135506292	-0.21926726047562956	-0.10933930929779567	1.0686588351156368	-0.4480604759434468	0.20613829645339993	1.0719770013190257	-0.4245666951921676	-0.10169747244270055	0.95980591300185	-0.023267005410381004	0.10297238606379798	0.9544920068910594	0.022869555536928026	-0.13163802971237987	0.6068812231898707	-0.19033923789388263	0.21240915338879718	0.6116429616591257	-0.05717736935594319	-0.1553821946142839	0.24897625414707192	-0.032222268647976435	0.2768748270542984	0.2953044525695411	0.16355015694716774	-0.16055438088367066	0.20634673570434947	-0.0193832438779744	0.28301172267537855	0.2547750418164202	0.1755773520223369	-0.20711964026366306	0.1824962693498986	-0.14993229218733556	0.28191959295272406	0.21724856711611584	0.09512519172213935
234	7.766666666666667	0.05623359013681854	1.5414721026129026	-0.32657868844679766	-0.13149438425805235	1.3985344620896698	-0.17736847718697585	0.19644084528388497	1.4101622722366947	-0.1120963455276254	-0.18406291957757176	1.1876523841046789	-0.2659054470456588	0.2583122598601736	1.2049957827918292	-0.22176030963579413	-0.15874227479465358	1.0707292982273806	-0.43363850730597997	0.21171119328412297	1.0629314719160226	-0.42096524421091847	-0.10337267121153335	0.9611256514979691	-0.017685721904375458	0.10465854353302097	0.9531525761134841	0.017304545608541395	-0.13364310896801493	0.5885826087792252	-0.17397555233103204	0.23910063005983417	0.6106146969493607	-0.06651642643129393	-0.17143767567634252	0.23782346120225129	-0.02177274203854072	0.31744605557241384	0.2766640653247231	0.10833673265143198	-0.17913027578533144	0.19534772002990453	-0.010720326280396483	0.3242386199711907	0.2329014408020217	0.11372157009274961	-0.23453235387797158	0.17535420048222095	-0.15135587511292078	0.3205052493331185	0.2036050719222985	0.016895529448808816
235	7.8	0.053394626029208254	1.5214382167743952	-0.32443551666872505	-0.1318818846138702	1.4078723638921105	-0.16527814278791106	0.2047056275050172	1.4005394819766088	-0.11379288663593569	-0.20965462145972227	1.1997377513098129	-0.23927782741369677	0.270014995362486	1.190223057925358	-0.20279550245737787	-0.2271667693088599	1.0775746828871573	-0.40978606773754755	0.22264308072115652	1.0414660492305392	-0.3929436003452335	-0.10665232280991778	0.9627683335510255	-0.011895032537224357	0.10797682158254558	0.951505014107677	0.011539175191912415	-0.13256194279162997	0.5725031389784255	-0.152788501977646	0.24516552026232857	0.6062219157171262	-0.07503776837807506	-0.174575339514962	0.23289111428306375	-0.006894049584076623	0.32928225815004886	0.2619797786106288	0.05177478478387839	-0.18343271188718754	0.19102054417268022	0.0037338575142800666	0.3358929655463174	0.21597607600408752	0.0517282621086361	-0.24302009672790967	0.1669717763969949	-0.14062672100578164	0.32626488364127687	0.18777286532755166	-0.05975331716920633
236	7.833333333333333	0.05375174805348426	1.5041618629468934	-0.3175961873443282	-0.13423380442301827	1.4173987416970917	-0.15175237793687044	0.2113551962357123	1.3923940222571844	-0.11249155134577656	-0.23096343612654915	1.2109788056129536	-0.2112543777697484	0.2776131523730996	1.1724965562026088	-0.17684488471670406	-0.2863729447511761	1.0874432849262836	-0.38570977641426146	0.22822329566407523	1.0152816410188836	-0.3579422470618639	-0.10972132238592334	0.9645054058127657	-0.006579952907142631	0.11107073160139877	0.9497765575049245	0.006252322160587696	-0.129863239464212	0.5608320063987259	-0.13147279275467527	0.23607068468387782	0.5997579328523062	-0.08225843857206498	-0.16840154200297286	0.22895024292642296	0.006316809315413591	0.3205183667777697	0.24779210542697483	0.010486967491887645	-0.17740764800244962	0.18744585272892444	0.016672082408595502	0.32643514364646237	0.20030355282750267	0.007156486609116571	-0.23924699617863154	0.15894955189341986	-0.12946825272073278	0.30992327225138944	0.1701132617660125	-0.11687287982065186
237	7.866666666666666	0.047769073975625034	1.4939200585445833	-0.31295925232197047	-0.14016083829629436	1.4232924158947262	-0.13864320126893737	0.21203506980567985	1.3886545373934123	-0.11196303324152199	-0.24377556078571627	1.2172640693098273	-0.18918562843324935	0.27733982479118674	1.1600641657288486	-0.16166909905514826	-0.31765416460383195	1.1004723723908991	-0.3683081352237168	0.2234456730582229	0.9970756695252059	-0.33742112407488756	-0.11088911846546873	0.9654707304998024	-0.002248116799141729	0.1122263660826748	0.94881307749279	0.0019283963761256393	-0.12814794538115568	0.5553064134532535	-0.1184041382826994	0.22835231888044516	0.5959408743576862	-0.08823588943644292	-0.16294509143784225	0.22464752063305582	0.011340704541945374	0.31287207016697144	0.2383377584980485	-0.008531314666456357	-0.17186000957535483	0.18308091850710473	0.020965014074251383	0.31823509572329084	0.1900952055321029	-0.012949710341811398	-0.2355584048824909	0.1538413870309463	-0.12685514761074348	0.29793183071564255	0.1584043166674205	-0.1439875224562907
238	7.9	0.03446092024039545	1.4911194136808232	-0.3113991698568793	-0.14858060022431605	1.4246478996098206	-0.1270859967658251	0.20556070510463342	1.3891000413277432	-0.11363039696224415	-0.24991906265244138	1.2181097711126492	-0.17198050026148543	0.2692129655937261	1.1556863555196053	-0.16193910212083415	-0.32266534370067484	1.1143726674687662	-0.3569348495787612	0.20989102788883465	0.993026778698329	-0.336225710498798	-0.11030208675197295	0.9651558703070418	0.001144972227179845	0.1116055665771643	0.9491105565718233	-0.0014911853636157886	-0.12955583985358454	0.5546768848342563	-0.11630356957834913	0.23138129951357095	0.5973894047879945	-0.09474884573749828	-0.16394182812734423	0.22199933184746024	0.00831038379024259	0.31974382068426843	0.2386416564622087	-0.014158264223086728	-0.17286555106951534	0.18031449793288368	0.017090994965161595	0.3251791468485565	0.19037952597640095	-0.018415859718167886	-0.23789589924511184	0.1522988136523451	-0.13151957627824312	0.3059001590253635	0.15822108607963836	-0.14965938659826342
239	7.933333333333334	0.0217445468170629	1.4897125207107516	-0.31115402058079045	-0.1546098159095792	1.4220023324464641	-0.11862291942507175	0.1980517588864082	1.3906845883848544	-0.11656228514390159	-0.24863273203439115	1.2111831239033193	-0.15625970948577947	0.2593382527154926	1.1547670929574319	-0.16654716218330465	-0.3071633932616059	1.1174706206849905	-0.34532312031791035	0.1941676727776222	0.9973662983735376	-0.3389854753061231	-0.10943191771314387	0.9642602883028506	0.0036650073919183884	0.11071493307482706	0.9499690174247681	-0.004049700399156718	-0.13440061410021517	0.5568142486264549	-0.12124312679910541	0.2376655491200787	0.6010674158113396	-0.10261924844681848	-0.17012785285698562	0.2236708830750056	0.002585996798631831	0.3300741742131282	0.24512635575501152	-0.018111298835230362	-0.17897209336267406	0.18214808071712274	0.011133441775871725	0.335836245399504	0.1971990205126084	-0.021879906889927674	-0.2436855048866302	0.15297012819771993	-0.1366854380962208	0.32005960274523726	0.1639039568878774	-0.15008090439218844
240	7.966666666666667	0.021051769907073067	1.483019384971764	-0.3113658381302816	-0.1512909786830958	1.4160972231247395	-0.11545551524073774	0.1999618246936116	1.3904370654968523	-0.11859578530727895	-0.23407408041582062	1.1939627577450687	-0.1432847871619979	0.25832947690266456	1.151611226988434	-0.16125039802700122	-0.270358579634311	1.0952848446531076	-0.327914046926713	0.18694461531428652	0.9989031977822024	-0.3271846897126724	-0.10930153491320427	0.9640728692484547	0.004913457343634119	0.11059809050462932	0.9500991651307266	-0.005303978692009195	-0.14177034418522458	0.5618748833899292	-0.12744045619756725	0.23250526427741036	0.6017248337172955	-0.1085646413105768	-0.1791589226494403	0.2304275591390197	-0.0006215063375078041	0.31917275456162303	0.2476711352764951	-0.02116781187759438	-0.18773001608075454	0.1891799277471199	0.008676440173279997	0.324451832415404	0.19978936786368184	-0.024251518157654202	-0.24974794314056878	0.15444729441701144	-0.13736218754417384	0.310771991284182	0.16344601000947212	-0.1513054455338466
241	8.0	0.0371214040810653	1.4714928032055348	-0.3117869252696921	-0.13618804483581987	1.4089981731502494	-0.11819518672539352	0.21589346533968062	1.3881184388615684	-0.11796230188422667	-0.20603122613129865	1.1712829349918406	-0.1370493268342517	0.2724123925526452	1.145992582854372	-0.14283464682690228	-0.2181900412088429	1.0487732728259322	-0.3049419553599767	0.19654468411772985	0.9919589537298834	-0.2980919120667505	-0.10967752935468962	0.9650489321662591	0.004483389799556013	0.11101425901702998	0.9490484064254338	-0.004827054324722835	-0.15002219202687478	0.5704183496305077	-0.1309009667907307	0.2115386896257728	0.5979199081012805	-0.10767630398128633	-0.1904291644985727	0.23959641895236516	0.000841227667025018	0.27776147597532824	0.24059136565616668	-0.0171005401589308	-0.19884324297774703	0.19830032136408504	0.011576350180059078	0.28117491976357567	0.1921287752025368	-0.01917825863411368	-0.25675851417644935	0.15613311997857504	-0.13286128061080854	0.26637372697957956	0.15196927628485357	-0.14921899886542064
242	8.033333333333333	0.06187137348049328	1.4622331615237503	-0.3112100638194866	-0.11596957889322142	1.4042465791934529	-0.12431554763776571	0.23803477114442587	1.3863292996531462	-0.1140884845782069	-0.17724354095996875	1.1548801768711316	-0.13812322886447068	0.2949695879124311	1.1428214945362394	-0.11951736574089553	-0.1730033728581822	0.9997861251045419	-0.2817218541317005	0.21926778591953153	0.980607161537996	-0.26416784091074863	-0.10974796400644292	0.9663078986871578	0.00253969789410795	0.11112981399142395	0.9477176404804669	-0.002810385968580785	-0.1561913240805232	0.5796356102226772	-0.1308142601158988	0.18566181388268307	0.5927821540603431	-0.0991261631922887	-0.2009762525999244	0.24638198182110105	0.0057347828876093705	0.22511243544743514	0.22805374795689937	-0.0053341459220903695	-0.20961655626528622	0.20461787809605914	0.01792161055710431	0.2260352985299038	0.17868335039247263	-0.006443930436184631	-0.2640754228949505	0.15751216475931307	-0.12540309178404455	0.20806929420371334	0.1364581545467397	-0.14165210501938091
243	8.066666666666666	0.08145496353860088	1.4611445658122557	-0.30758058752773587	-0.10121651270560834	1.4043513238616525	-0.13005777946481017	0.2527577263606212	1.3882769109988855	-0.10675730276194877	-0.16370373437876473	1.1529068626641221	-0.14237650296525334	0.31107009471670416	1.1467474310567642	-0.09870708265641086	-0.15740206540127677	0.9718507068619657	-0.26228780795293966	0.24068963795157627	0.9730431421102309	-0.23536609261980415	-0.10904676025010429	0.9665869492361395	-0.0004319467954089782	0.1104648576469282	0.9474011255411656	0.00021864745003575132	-0.15682758025023386	0.5845938333902454	-0.12930547006222404	0.1687188384368044	0.5892956341317171	-0.08686712169089945	-0.2042119572755425	0.24762612551454044	0.010685706334741188	0.18950553600718026	0.2177354666989183	0.006969250749795137	-0.2132160555290456	0.20538945231725325	0.023931090613234497	0.1887143812444459	0.16774026070675296	0.006184301086777656	-0.26586368267463395	0.15763663557394358	-0.11742736533284534	0.16755124052586096	0.12640022796543582	-0.132572770359701
244	8.1	0.08962477879995237	1.4677724588871115	-0.2997682531358099	-0.09641848270176004	1.4088019089612602	-0.13372807767421954	0.25368199879937253	1.3950301305103092	-0.09540028540669254	-0.16990503641644294	1.1631522785885389	-0.14548550771089624	0.31200673510855614	1.1581588129148606	-0.07844646442287657	-0.1738880686691678	0.9684525931744651	-0.2446881025383124	0.2499634514600818	0.9728320159914788	-0.20747918010750044	-0.10770709832742842	0.9655024946740156	-0.004191368974120596	0.10915705659278241	0.9484961584987541	0.004007414097330446	-0.150967849298496	0.5829902532605442	-0.12903882418535575	0.16415649224880555	0.5868973127640947	-0.07468265637573274	-0.1965442193163759	0.24372046055141183	0.013048232297998986	0.1804603589206119	0.2118881083707752	0.01380235760968419	-0.20562290598028665	0.20143855059842475	0.027076192140642778	0.17934768685611233	0.16183858781847726	0.012508215897296867	-0.2574061390331064	0.15579937798007082	-0.10991659144362369	0.15559818596762212	0.12349089827326942	-0.12631013104420652
245	8.133333333333333	0.09121317914786109	1.4773666262028957	-0.2890559957693166	-0.09739358622732062	1.4151061050570606	-0.13653603787820914	0.24576893288919502	1.40441381069675	-0.08018777686370665	-0.1878394000786662	1.1777083804429034	-0.1467719973167378	0.3022420689040236	1.1735241449418892	-0.05215314806273218	-0.20801823289828353	0.9748910889683472	-0.22408475769620942	0.24911906077067072	0.9760159983510218	-0.16931229780510895	-0.10620720501292938	0.9637940762119716	-0.008719608056399207	0.10770227020999576	0.950244449164315	0.0085594081897199	-0.14145765346705705	0.5765851634293442	-0.13047131051560176	0.16554252186443094	0.5830880366693412	-0.06298946334815755	-0.18246694671007335	0.23657998233406052	0.01291597009602167	0.18531641501813836	0.20648291335087943	0.015968735417606312	-0.19136001180659792	0.19463667974639065	0.02764529045473073	0.1846709712850414	0.15667431577183155	0.013601460628586207	-0.2424999206312811	0.1525243560554118	-0.10356476479583156	0.1584297311024459	0.12254969248425307	-0.12373935154375616
246	8.166666666666666	0.09321863999259211	1.4854288644277744	-0.2784663054706942	-0.09799446792157339	1.4211106579987034	-0.14029540769352794	0.23754440023999834	1.412819765739229	-0.06348494058806396	-0.20758560010296737	1.1910417802026707	-0.14793626652714606	0.2916141161396818	1.1883527811209988	-0.018807017295483144	-0.24560901893074732	0.977843331734962	-0.1994603881775448	0.24653138626746438	0.9762947875168569	-0.11815692791494342	-0.1049753869920949	0.9624381354312691	-0.013732048832603217	0.1065423057955443	0.9516363353626948	0.013614613638042233	-0.132150473278826	0.5686128558763979	-0.13196225250738963	0.16626302799608364	0.5770374223788426	-0.050796307821398455	-0.1694355740068874	0.22758791645795207	0.011960692263852256	0.18811600669298462	0.1977757884835737	0.017796051069380547	-0.17829107119759427	0.18596697514533966	0.02715146651078223	0.1877937254863437	0.1480464560670791	0.014137487048969728	-0.2293254652561237	0.14948111474965586	-0.10021128961740682	0.15904269926096287	0.11962870803163217	-0.123713451748757
247	8.2	0.09689585174781336	1.490208429930461	-0.2699610839808756	-0.09635141693119421	1.42597502281817	-0.1447721843776283	0.23292213016273647	1.4188943584704614	-0.049082003581300854	-0.22341761044735942	1.2018824861822144	-0.14930148375106858	0.28475488110668673	1.200199709696016	0.013551799605525265	-0.2778918302689814	0.9768558082191278	-0.17547670851155706	0.24615524905553043	0.9727344064770722	-0.06728931178731487	-0.10398821937922069	0.961592960519573	-0.018473205360366295	0.10563879191525782	0.9524960719901722	0.018411467760195258	-0.12417671709931334	0.562086018962606	-0.13254762131073244	0.16446889606582032	0.5710063013884152	-0.03857925189997768	-0.15865346111986292	0.21913024148984306	0.011220201575624311	0.18402862055544963	0.18789856152285356	0.021875038007540135	-0.16765269312771894	0.17759346306829937	0.026539706808062953	0.18360231248530545	0.13801018165260337	0.017071066642593297	-0.21899363409198982	0.1479244945152275	-0.09977010805729063	0.15285727497053778	0.11597538425966336	-0.12353657991502388
248	8.233333333333333	0.09986411701527534	1.4934055043764929	-0.26215466446425456	-0.09422556430372751	1.4296737921393738	-0.1474969152735702	0.23061652876893066	1.425394288811213	-0.03902687665709118	-0.2311826766777445	1.2099342499272172	-0.14899632756163325	0.27955342490250634	1.209851430956452	0.034160982828509594	-0.294340427567414	0.977704883386166	-0.15818479687386958	0.246167210972206	0.9720232039082177	-0.03797419761197847	-0.10266722664549807	0.9604477553150117	-0.02211067787416429	0.10436179917595187	0.9536472307030732	0.022080171033497607	-0.11597256768283327	0.5600212493959282	-0.13363988400504936	0.1601827563004513	0.5685265159928479	-0.028046446765000684	-0.14443943361766706	0.21634720405711205	0.01109277738665698	0.1769445428420015	0.18352795172345415	0.02792366482867114	-0.15309138554466784	0.1749220202283649	0.0269290633375695	0.17642199453375934	0.1336909761086067	0.02267868532337643	-0.2030264091040204	0.14708347854269632	-0.09545587794714873	0.14401143733276264	0.114580835525677	-0.11773466863321679
249	8.266666666666667	0.10243064190246183	1.4995099558185876	-0.2515178851868902	-0.09304322957466755	1.432370628569432	-0.146237357227864	0.2275683543219604	1.4358446839537258	-0.031021076452550225	-0.22697872016269066	1.2139521634247505	-0.1461260020552646	0.2721604225541404	1.2191082740058354	0.03995431555745791	-0.2842701744765972	0.9811280582669353	-0.1506470604886621	0.243844008600466	0.981011818021945	-0.03929998283203936	-0.10042620884970813	0.958296128013254	-0.024408416278795725	0.10207686503301139	0.9558248051334549	0.024352256384225727	-0.10693425462847898	0.5639772061191533	-0.13709402718940045	0.1524749562664532	0.5710906277825196	-0.01985429288520203	-0.1237975470826939	0.22350555912948133	0.012873461192972101	0.17043328573591138	0.18889169767751968	0.034883688501687105	-0.13100565128353206	0.18269917976248928	0.030778394347430866	0.17029234322788986	0.1398265080161204	0.030376148886123226	-0.17564182369891	0.144939675392313	-0.07720158017419591	0.13511612509639084	0.11568254998191685	-0.10097494612198259
250	8.3	0.10836975153543608	1.5127373876033325	-0.23635363201540802	-0.09255302482129922	1.4343131829032632	-0.1415707427424204	0.2206567766813774	1.4484696015401557	-0.019601696964808176	-0.21191203202841244	1.2134103252916157	-0.14329184395292235	0.25990714915479135	1.2264095679224463	0.04047925079438375	-0.2511883166779771	0.9822610040607409	-0.15324415272639644	0.2365010731939824	0.9954787330157269	-0.052610148766609896	-0.09747246553775445	0.95581543458836	-0.02606417317255919	0.09901257033988237	0.9583617178398285	0.025940424688438952	-0.09948303985351592	0.571041204697621	-0.14182060648612904	0.14119255537287245	0.5764711245799188	-0.0124604669600834	-0.10294755071451046	0.23744866418106192	0.01862327352624666	0.16376819773783413	0.20029050019725947	0.043049731976166405	-0.1080921356822326	0.1978706521038277	0.04016631193583232	0.1643512208347004	0.15267079768826652	0.040199041158980015	-0.14536832832003369	0.14144718386129673	-0.044306512679485786	0.12431134634401875	0.11737727054239089	-0.07476741230168467
251	8.333333333333334	0.11976199196536629	1.5331770914076346	-0.21895820327998156	-0.09263564079863536	1.4359697017746345	-0.1366458883082143	0.20727486783603194	1.4555893682471797	-0.0008270098090223648	-0.19475565470065548	1.2103492851088649	-0.144369451049438	0.24088237514561903	1.226340011281277	0.050802001377564195	-0.2174109373853888	0.9791310018499949	-0.16621302948195862	0.21957762871127665	1.0001385068049333	-0.04195503557029032	-0.09486378273371454	0.9548213278877297	-0.028202840761670556	0.096323887238988	0.9594167535262526	0.028028963972511176	-0.09609756109684138	0.5747424337124765	-0.143872244457577	0.12945786398237802	0.5805818102513416	-0.003752035770893963	-0.09017387766934308	0.24761377149022024	0.028453714341671814	0.1548353538391302	0.20866479577154007	0.0535121709310933	-0.09395193632733065	0.20934477668664275	0.053317200016395325	0.15582420842009317	0.16252187941462815	0.05216691648865366	-0.12785174728878043	0.1398068107239011	-0.012190311758415558	0.10988455305580622	0.11941462834223882	-0.04942409514779349
252	8.366666666666667	0.13378942768287427	1.5561788085087969	-0.2031636030962731	-0.09418525564524072	1.4378559245183598	-0.1344182879019541	0.18757469987954573	1.4516633111063721	0.023709567785762838	-0.18517614222629636	1.2080318733584752	-0.15021795102162164	0.21522309800713466	1.2163813221804913	0.07741630014677905	-0.20441327371811646	0.9764586107359846	-0.18905048103356412	0.19075390036139753	0.9854922841083725	0.012088611266591373	-0.0935755742708867	0.9563145396758009	-0.03125976708477186	0.09506543834270284	0.9579568005301187	0.031096294609418984	-0.0953763393018493	0.5713618840852607	-0.14095254704285812	0.12254754174079396	0.5810833374155602	0.005745112545398424	-0.08455182198789397	0.24541228733097675	0.0383810333831788	0.14542878373768994	0.2081694424341911	0.0642967811621312	-0.08835867836479602	0.2077850530890355	0.06404521261465144	0.14608592535676998	0.16291919492631557	0.06327125203788131	-0.12717169952592133	0.14241224254772844	-0.0007737539661916235	0.09533044920590703	0.12358564070553024	-0.037352884791394
253	8.4	0.1460459517323582	1.5758282064736295	-0.18992739946700418	-0.09683948549087482	1.4398369939691475	-0.13572920554685106	0.1658332033121277	1.4405768447874685	0.047941403208744286	-0.1833816768209179	1.207540683695409	-0.1585030408185179	0.18747839430888485	1.2029434483313672	0.11231582227192768	-0.2083498647541571	0.9792068707081593	-0.21787102834759264	0.1570974512396993	0.9627246730365884	0.09186187309258256	-0.09356209311874675	0.9591353854301987	-0.03450444133654964	0.09515889468399931	0.955148843191038	0.03438420770741958	-0.09333511355025868	0.5642599774466509	-0.1354026845953557	0.12357361289570144	0.5790628951110042	0.01213353054210175	-0.07784919839766134	0.23260636853626038	0.0426363793486528	0.14186219594181268	0.20138108640796526	0.06882186331515848	-0.0823633408793616	0.19460592582310465	0.06633416736293488	0.14183478136901792	0.1563354722559307	0.06684678569335026	-0.131433009370984	0.14612593761853465	-0.015108344228123849	0.0881772686911575	0.12990320096538954	-0.04346354364131764
254	8.433333333333334	0.15549705768467248	1.5890735942980647	-0.17587093231660147	-0.09728279551273589	1.4406844402003807	-0.13978853456279347	0.14683361246539717	1.431773575319823	0.06714916245666956	-0.1791033491973122	1.2066127585876192	-0.16769007801318261	0.1637109710951532	1.1964772598064597	0.14282150331637553	-0.2022109810645677	0.9858744188070823	-0.2465349704724805	0.1316395388933244	0.9545841601757536	0.16269113756577624	-0.0938151210635229	0.9611284758487869	-0.03701049557210885	0.09548656238267521	0.9531960949058169	0.03689365082615183	-0.08827430986751761	0.5598265859053037	-0.13072910410727714	0.1300749694404883	0.5775176328596158	0.012518442790379546	-0.06678449410284734	0.21814453484392393	0.03936669780097389	0.14817671802102725	0.1956216185599785	0.06287847007142139	-0.07151736261949823	0.17895855373617076	0.06011225766111001	0.14790332424915673	0.15030034558031902	0.059583461421608086	-0.1286163802045258	0.14445124205366833	-0.040736038048852154	0.09230543211180522	0.13494681960530175	-0.0602807717586002
255	8.466666666666667	0.164221023801871	1.5970767845460203	-0.15680370738621632	-0.09240637929161856	1.4390364328914755	-0.14505734503440113	0.131143877307741	1.429975561340299	0.08217835048749454	-0.16317301054889335	1.2026064446118774	-0.17862084689928553	0.14543754767251202	1.2003661735743354	0.1647857733058595	-0.16595568819148485	0.9909348718062286	-0.27070686277274736	0.12077344557917681	0.9711282972162594	0.20845953283357396	-0.0932340311579448	0.9613349953784138	-0.03887988444357758	0.09488960201865801	0.9530910696841915	0.038692833145501905	-0.0820490916999018	0.5600336338183055	-0.1264591112157858	0.13574869371503698	0.5785670708562666	0.009886428228808041	-0.056794531663334806	0.20792486339068594	0.03303161661368738	0.16018246942717954	0.1953882579516144	0.053060759580721734	-0.06101804489084224	0.1671763936466717	0.051583788516236725	0.16041392165289192	0.1494446416542934	0.04916355507169251	-0.11974592758969949	0.13496772699503312	-0.05863511287784663	0.10287613108691503	0.1354071628038893	-0.07182038005072411
256	8.5	0.17343472894967366	1.6031930488844717	-0.1327892747008816	-0.0834303132868209	1.4351731833413255	-0.1495751420351597	0.1162460748820274	1.432014778135573	0.09700429506987128	-0.13815020220196647	1.1959744304920126	-0.1915536904621858	0.12982893728560563	1.2081087623722526	0.18335015252428255	-0.10920335205271905	0.9917017894960269	-0.2886506707535146	0.12056180916128903	1.0006823007943342	0.238685629060748	-0.09108622220335166	0.960416561999132	-0.041124364135580044	0.0926849696632115	0.9541430909678699	0.0408372977691545	-0.07641525863933953	0.5612995794621478	-0.11949527170926065	0.13622063937692988	0.5819575662789539	0.011444478874543276	-0.05293640294775017	0.20086466995150398	0.029385438945843726	0.16878068385026337	0.1995027003921528	0.052577076423735526	-0.05662309407526612	0.15858374903653227	0.04677867276868645	0.16982633531912322	0.15268616899562737	0.049242829061084466	-0.11281704841966246	0.12242987611412615	-0.06161351440675777	0.11109863629960007	0.13197237113466476	-0.06479117507614034
257	8.533333333333333	0.18278598249752206	1.6095656806835712	-0.10866663707665061	-0.07366249977322906	1.4311638540557627	-0.15213575642660201	0.10113724510571057	1.4330467563843339	0.11341363317455291	-0.11367975684859938	1.1895316145525214	-0.20437796348498138	0.11534403760640137	1.2115104384246451	0.20393047910937756	-0.05785796061481169	0.9901030762163874	-0.2992858843507498	0.12582171636445388	1.0250704186728514	0.267364423914843	-0.08649174638293798	0.9592923092590423	-0.04452594133647264	0.08807262285813465	0.955356204458525	0.044176157385113476	-0.07004528487401512	0.5599305284027227	-0.11003987905456122	0.13198034818052373	0.5857332204962311	0.021892382338403144	-0.05230393402271317	0.19419812647082058	0.02850605576935325	0.1677944939298747	0.20442872527571587	0.06725425134878867	-0.055992540855182245	0.1507491708196116	0.04510339583180814	0.16934142746305234	0.15674930380372587	0.06524111298781525	-0.10916736083282529	0.11376058005838252	-0.055885738205679415	0.11225941173553584	0.12882355300210158	-0.038046914344030895
258	8.566666666666666	0.19299624354112618	1.6152409475933989	-0.08938908790382089	-0.06297921572917346	1.4285381934335704	-0.15361498043806796	0.08718174300031659	1.4317780975696133	0.12937684646913544	-0.0934824713029912	1.1845871755306088	-0.21497422047337658	0.10291018673474525	1.208308506307214	0.22624767699450235	-0.02343588859822395	0.9890970887598777	-0.30272062889923507	0.13486679256837503	1.0372810159889025	0.29749295024878997	-0.0784637367271816	0.958275915922878	-0.04881029268900681	0.08008085779584516	0.9563608573855319	0.04845242178545788	-0.059876110423982776	0.555920097479284	-0.10255341260639605	0.12557741849203669	0.587938970362687	0.03952626849969552	-0.04685555694303817	0.18809231722072783	0.024990897267571997	0.15758710841793594	0.20794553231835589	0.08997275824488615	-0.05089959633535334	0.14400477069973217	0.04059662030177676	0.15917501103929516	0.15972320044999577	0.08920366422558466	-0.10110314749258469	0.11179097217097211	-0.05119979422779424	0.10745660570713446	0.13005904997446105	-0.0017020672220338412
259	8.6	0.2053020384072638	1.6176274446341772	-0.07608247477866942	-0.04899874034134854	1.4263542862585796	-0.15619992204019395	0.07532483263747564	1.4290537118590734	0.14126824953717737	-0.07337739248006797	1.1796436024336576	-0.22381065827550295	0.09177137753341867	1.2017900604077052	0.2453412250298021	0.0036518177569746083	0.990046722535957	-0.3022128391565294	0.1431185286376071	1.0426278434685836	0.3242455445464608	-0.06776557094339655	0.9575242104560215	-0.05286617753451567	0.06942516252098854	0.9570212848718316	0.052518020943266845	-0.04487995187315186	0.5515680305478885	-0.10005511992447476	0.11863737126461148	0.5879627864437413	0.05815099073449053	-0.031280896617771045	0.18395524628359206	0.015806691410273604	0.14420984487825395	0.20946918122541225	0.10916845636949866	-0.0354746709111989	0.139610665415543	0.030112674374957057	0.1457641259086613	0.16110939818658576	0.10886685104975596	-0.08168865675483887	0.11489785580558176	-0.05206723545390741	0.1008102496797787	0.13697411072891974	0.03084670463617224
260	8.633333333333333	0.2179360041977725	1.616268175092094	-0.06624477040454044	-0.03348625299198166	1.4225965887017313	-0.16144735614274514	0.06458202443752066	1.4251684775378486	0.14672419188762265	-0.051636461313152936	1.1736000656077263	-0.23376519335128743	0.07839110327546547	1.1965709299956233	0.2562223906791884	0.032759483866737854	0.993264232424963	-0.3028622692927692	0.14090415770507123	1.0487740527789238	0.34328777060816734	-0.057900433505521806	0.9574196938380104	-0.055941747999118475	0.05956652596671415	0.9570369541349976	0.05558217931433726	-0.027953781002900628	0.548954133474123	-0.1002748048038692	0.11240348863844375	0.5869684247723169	0.07164782856478044	-0.00786993784071803	0.18163548565850496	0.005627025690614704	0.1358214532143308	0.2090676463325939	0.11858856132463741	-0.01171700604537538	0.13705872232659033	0.01856935078114952	0.13769144975935335	0.16080116935043764	0.11770872509673154	-0.05317552363859434	0.12091754844922054	-0.05596883810787052	0.09714869206186248	0.14786359696171747	0.049841299644249625
261	8.666666666666666	0.22702162373819593	1.6145720305365345	-0.056341251670853555	-0.022127202507196134	1.4171505075288486	-0.16943660112481862	0.05346926386161451	1.4205139658324195	0.14665935780269096	-0.03350482276737938	1.1685000998701818	-0.24775331205420506	0.06106035668737413	1.1956184101249845	0.2587010719267592	0.05884207467839556	0.9985943660445575	-0.30757096876487716	0.12414367263319173	1.0583406399016808	0.3541061501851363	-0.05206084651174412	0.958066970878063	-0.058479369944903686	0.05370054226799964	0.9563690738902011	0.058083619950524246	-0.013545367502019534	0.5489912615969417	-0.09871484958661551	0.1080892147083664	0.5870284034685681	0.07789762610182613	0.015292694418416191	0.17986472160067102	0.001837399932719936	0.13615251179977575	0.2073454323859364	0.11930255058341982	0.012084883837229818	0.1348557572610476	0.013779527489744727	0.13867355966709716	0.15917162607255309	0.11705663854234297	-0.024806216557118354	0.12896100490855245	-0.057077011905630505	0.09897693735318625	0.15941126301355868	0.05378929161961217
262	8.7	0.23199815980207988	1.61626672441191	-0.04502977109828718	-0.016251722722485575	1.4119714484715045	-0.1787414950638556	0.0426549901834445	1.4165550220247027	0.14492630939938303	-0.02229559270175578	1.1672003999197456	-0.26555090778448476	0.04379772019349479	1.1985154106176465	0.2580034969834672	0.0745385757816816	1.00451902812903	-0.3148034962688699	0.10268457062517349	1.0679356939335545	0.35940579681650714	-0.04919186877665886	0.9588153471598453	-0.0611022387953529	0.05079953429240677	0.9556592408633384	0.06066715003590699	-0.0037120069968708024	0.5509342157992019	-0.09368439753885566	0.10511299108900252	0.5892813240801575	0.07957789192733937	0.031208122501460704	0.17779683768682453	0.0056144319566208975	0.14061897675442167	0.2056014096913782	0.11671262583597655	0.028485418803707502	0.13230770728590346	0.01717563548904315	0.1437487943770702	0.15745015408855778	0.1130556090065741	-0.004085934675672785	0.1375372336158619	-0.05146428233800083	0.10352338892548683	0.16852536375289207	0.051079042835411065
263	8.733333333333333	0.2372088927909479	1.6206249094469167	-0.03499529351173352	-0.009056835169579877	1.4082202133268067	-0.18683270553154535	0.035677061918087886	1.4143248142821265	0.14496806293496803	-0.01115629133374931	1.1689947148881745	-0.2827794797815491	0.03372385984185948	1.201352797905503	0.25981994942398295	0.08696192264727112	1.0084058049969116	-0.32042766004888174	0.09165627890729576	1.0713665561635008	0.36321962599143953	-0.04498547526889418	0.9587013160530271	-0.06307998752956534	0.04656973762071929	0.9558075365473815	0.0626149421687637	0.002634526198526304	0.5526114339859025	-0.08691140737246111	0.10089263333098733	0.5928550144590058	0.08080340466551228	0.03919650249258347	0.1755197225493499	0.011238908515838933	0.1412010456074923	0.20534021212687936	0.11589698666911333	0.03654779361849348	0.12992044058971686	0.022885061010647356	0.1446556602627339	0.15729599870606403	0.1115651523061088	0.00841847541058979	0.14351184186832955	-0.039438629225578926	0.10486488402858826	0.17398038145186479	0.05347278657528541
264	8.766666666666667	0.24678533968571198	1.6235950360220852	-0.030499574083844346	0.006859913191627807	1.4049622288086931	-0.19182081609480475	0.03559034276328566	1.4133445594791278	0.14677845912864163	0.010663289450424458	1.1698981005437823	-0.2942777115010527	0.03401226958936496	1.200141297659577	0.26535318011324494	0.11225452848817388	1.009161595082682	-0.3214693172697085	0.09577246809088524	1.0652979979438735	0.36826993501631045	-0.036853377376749874	0.9573223603625385	-0.06300219427631074	0.0384184876487044	0.957168997984962	0.06250523486439212	0.007179454787068638	0.5525335024402807	-0.08034674886952148	0.09337966570816043	0.5957767953877056	0.0831826479804727	0.04305269006198012	0.17396210501905307	0.013510336089325318	0.1341605323728572	0.2072387840219162	0.11756567054026953	0.04018503057073209	0.12886861027288965	0.025313112206518204	0.1377791098338487	0.15957793193450454	0.11342650448618417	0.016360389644773016	0.14471414074353228	-0.024317487646740986	0.09941077828234922	0.17675019189241026	0.06491460796289857
265	8.8	0.25949505943476153	1.6234951100890131	-0.032527442398907216	0.029784409742946213	1.4012293789529169	-0.194218705985013	0.040779633183123304	1.4130887948058284	0.14760024844241118	0.04353545234031236	1.167431039537947	-0.29839317825814454	0.040030746931238	1.1951639800802853	0.27116718422236574	0.1537558184671926	1.0086786732607866	-0.3176701510749954	0.10526737022415962	1.052970011575547	0.373344784071689	-0.02674941732413514	0.9550762891758602	-0.06085789152110503	0.028299096821953265	0.959357886035046	0.06031814035015432	0.010130815976975686	0.5514913255662783	-0.07432898894710444	0.08322959857010222	0.5972207926846647	0.08604886492731299	0.04517582496591767	0.17408654082162356	0.012245747151906147	0.12185716478843658	0.21086016676954977	0.11940139213324734	0.04205338094687621	0.12986043267897962	0.023897056355386234	0.12567804616476222	0.16382867698125358	0.1157167132051768	0.021294522812372874	0.14260487658412768	-0.01097252389054715	0.08844577630191253	0.1788652512895761	0.07935005097922448
266	8.833333333333334	0.26978667481012386	1.6227058833816081	-0.03771633799344805	0.04929035748409816	1.3974142975115669	-0.19602978647329544	0.04585748583179787	1.4138827751911953	0.1451726164574663	0.07399358345320386	1.1627897587098768	-0.2975062164836899	0.04324031862475078	1.1906053540456936	0.2724054638015008	0.1942192310339161	1.0093134484605675	-0.30993859850905425	0.10580992832383851	1.0411067716482265	0.3735843233154658	-0.019221209841317755	0.9526140018422878	-0.05819551923356001	0.020774553651757087	0.9617786987035061	0.057626725822755666	0.010635565166124142	0.5508400213825297	-0.06908301835975449	0.07393086455406409	0.5990070640906766	0.08947964424013705	0.044735531763412516	0.17528758103512931	0.009397598736833074	0.11052608389278375	0.21589190991545437	0.12194657277797341	0.041429195329400335	0.13177073879298207	0.020324602817352433	0.11461292966541833	0.16950248624467878	0.1183959340786484	0.020871325341337926	0.14082763612273008	-0.004924236507281544	0.07742556676671754	0.18244425797313468	0.09054190148883506
267	8.866666666666667	0.2735930542618409	1.6233681487373155	-0.04231792169434659	0.05641207794576973	1.3937882415717004	-0.19825198412333112	0.047101765095375475	1.415447330576336	0.14019464845999685	0.08774876355794246	1.157944832899633	-0.29569214416754264	0.0391605367149708	1.1896786383891758	0.2667705071257968	0.2142021156787952	1.0108091259463587	-0.29918775802419806	0.09160449264534322	1.033304756970976	0.36517998255652323	-0.017171580929634996	0.9504031316146716	-0.05639041906236041	0.018763759092898843	0.9640111191866778	0.05584429163908435	0.00895736362797353	0.5500510293640635	-0.06627999700990718	0.06993977626911531	0.6038344235054041	0.09472436549159692	0.041999952409731395	0.1750017574141256	0.005317642922956534	0.10733812327737226	0.22246177897828456	0.12949928787937312	0.038570896616443494	0.13175695204049065	0.01497181456331573	0.11170935579354092	0.17652779795549955	0.12582514218729676	0.014690032686462176	0.14158041668146826	-0.00918224956659804	0.07359140214491874	0.18900281072185787	0.09955837416192273
268	8.9	0.2722571411731659	1.6243303820894543	-0.04561711376846408	0.05159737824109213	1.3898560849780268	-0.200404988847295	0.045245993394589505	1.4165591976608738	0.13619379463837747	0.08296021352576677	1.1531885766196772	-0.2962899122734913	0.03097388380447418	1.1917092615593554	0.2573625947585557	0.21178584112149926	1.0108744760322572	-0.2872228013858905	0.07109504605551607	1.0281395217414415	0.34976781648741573	-0.019186959046614847	0.9488784819403507	-0.05607575688341625	0.020848528250288347	0.9656168427398494	0.05560091145969408	0.008086174854842915	0.547780460435634	-0.06763240332603254	0.07317625145414496	0.6111330684260776	0.10168806941219025	0.04134736475777078	0.17116395018588304	-0.000185168769029285	0.11462441678432578	0.22898885444364836	0.14311164874345336	0.037883784715599604	0.12779649694682227	0.008197640042864638	0.11924726745214663	0.1832218021874683	0.13947265692427793	0.009698536939393692	0.1444749278668206	-0.019907138385680843	0.08052734027284111	0.19773903878295795	0.11059598467982167
269	8.933333333333334	0.27040975937219214	1.6236252562392912	-0.04890176411513446	0.0422262175253746	1.3865585131386475	-0.20211111053209288	0.04254223328305681	1.4174374263756917	0.13685850846961295	0.06824505138999402	1.1485361084955679	-0.29948959892123	0.024728544712315805	1.1941486699900272	0.2511686128940845	0.1980013869024096	1.0078756688018768	-0.27659967402157465	0.059115381462888646	1.0229072855370036	0.3328407250354421	-0.020978291478006842	0.9484836951569164	-0.05794131631163281	0.02271183851217924	0.9660983449078727	0.057534988548968	0.011676178642720681	0.5448102530464448	-0.07221196358896682	0.08062167745815157	0.6162898284533349	0.1083377276864702	0.04641653582024477	0.1651570859037259	-0.004765020183569401	0.1250028865427279	0.23180585864904135	0.15675063054823815	0.04298467032915839	0.12135162160772128	0.0032080519241407357	0.12965070455715022	0.1858367490655899	0.15343235914012518	0.014363038137361431	0.14817746056003878	-0.02730192250158048	0.09307214858342375	0.2048153173944426	0.12383279301737389
270	8.966666666666667	0.2710886957850878	1.6219305517994447	-0.05229895000240474	0.03486954830974356	1.387010245752382	-0.20347332284109707	0.03964392315144895	1.4204280391016861	0.14291555541101883	0.05180901540236024	1.1455124740239166	-0.3012223734557796	0.022324784823031595	1.1955241527213605	0.25302792918307343	0.17935791868023662	1.0019372380436773	-0.26836865356433093	0.06136370467403455	1.0165737794350815	0.31853102371802466	-0.019726941867386775	0.9491916300745601	-0.06226555854515305	0.021503477651413156	0.9654233103269957	0.061884600726791535	0.01893149140387256	0.543790040514959	-0.07649295893975379	0.08625887197435417	0.615714790974755	0.11334422997123729	0.05295774368360437	0.16101083773278912	-0.004483001402114533	0.12637615023887325	0.22921541047734695	0.16410649053230547	0.049382739869251686	0.11653360171182259	0.0043154497860261294	0.13054347388226922	0.18272243652171127	0.16114670020855038	0.026080064698439615	0.15154173084240985	-0.024063911814013596	0.10015007808123959	0.206414414450098	0.1358046318464035
271	9.0	0.2743554567725185	1.6217704280813403	-0.053672622792357905	0.03202353673110188	1.392842264524373	-0.20370999476073376	0.03724513625092571	1.4262943577198302	0.15170655048029297	0.03746059607993284	1.1459507864847387	-0.2964576910633993	0.021726029760608653	1.195545332070017	0.2610847183291058	0.1554901029356797	0.994261935054557	-0.2613855687910078	0.06987729017671321	1.0091171528900265	0.30717113868131873	-0.016551998434018726	0.9503514926168852	-0.06747622287338999	0.018332754459226025	0.9642267527803284	0.06709358804791427	0.02312939832243847	0.5457676840293084	-0.0779606888861098	0.08598808418662991	0.6112326611098085	0.11795648095368631	0.050817306125363226	0.1609342002443952	0.0010146190477108641	0.11384626732333149	0.22418690987377954	0.16724100367961217	0.04661369669702006	0.11581145566709705	0.011237964430860628	0.11699368487247512	0.17714058534043842	0.16452086532488497	0.030055076504751244	0.15331093011863084	-0.013287548665727553	0.094478409773047	0.20260959377421206	0.14524539488572466
272	9.033333333333333	0.27960068954966677	1.6241496911062732	-0.05069924489863778	0.033912189705335445	1.4007892031432465	-0.20104376794599452	0.038546200472870044	1.431247337850842	0.16005166449597194	0.028227280459145864	1.1494675378175618	-0.2848978234333724	0.023068723327154962	1.1937931663712131	0.2689864105223119	0.13139037059033729	0.9864167205895035	-0.2543624063631801	0.0760082950204335	1.000500742022783	0.29680780425121456	-0.0144204548018252	0.9513824315680669	-0.07091846889303675	0.01618673101415089	0.9631269808807802	0.07055101455831846	0.018038978138217934	0.5485799430767876	-0.07818966858251933	0.08080256345450994	0.6076450484222916	0.12493664543499192	0.03531411509651134	0.162673808098311	0.0061364868260680985	0.09457041108139362	0.22088638005932903	0.1755004174948239	0.03002494130915377	0.11723448654785629	0.017316077107850165	0.09649816808730799	0.17356035109603618	0.17315454386903417	0.01555353750683466	0.15263272980535914	-0.005794172600335594	0.07908408788241546	0.1971981211158964	0.15645147770538878
273	9.066666666666666	0.2861802273888574	1.6277500963825628	-0.043561729155465856	0.03925983445078701	1.4051236197226644	-0.194903376223802	0.04612512699246204	1.430354416942943	0.1669072892851362	0.026683218438547384	1.1531541792981153	-0.27207242466709974	0.029486704528764767	1.189979594090589	0.27232549335723777	0.11902518400963324	0.9801000576664034	-0.24712131991426617	0.08118457393868057	0.991550095329571	0.28615066816546075	-0.014455439861261594	0.9523039209501466	-0.07163817896230407	0.0162205312493001	0.9621602190261357	0.07131584411015619	0.005681789882473644	0.5493085930609579	-0.08110200963127419	0.07540679159463527	0.6072905468992852	0.13622651855546367	0.014536527464662889	0.16247625660159126	0.004335762349462694	0.08035094327596438	0.22022749961165122	0.1959435421651409	0.008216635423508145	0.1170848085730648	0.015585403575070624	0.08131143066006519	0.1729082761174513	0.194511467092563	-0.009524251859323195	0.15066528275798874	-0.00902368598850107	0.06433565171003526	0.1943252323347472	0.17607686878567136
274	9.1	0.2915463156948775	1.631275918635695	-0.03474012145592415	0.04492196849681395	1.4036402543392361	-0.18751002145844153	0.055988653869094115	1.423926980231158	0.17250109051648224	0.03123220583706566	1.1543378460439653	-0.26406608206630966	0.03999840740045896	1.1855293379705296	0.27210839683304006	0.12284987922647803	0.9770485193984271	-0.23965218759323945	0.09007198126422043	0.9850559615538795	0.2769312284756723	-0.014579725045433386	0.9532262636510358	-0.0711136895580773	0.016371588502478697	0.9612438982613558	0.07083802048443465	-0.004448096216224997	0.5473103590884613	-0.08815610584826324	0.07304110807478077	0.6087926352160973	0.15092243427786967	0.002680504598598961	0.16000371152071913	-0.005652671896413094	0.07656108276849645	0.2207298498780974	0.22584679695588947	-0.0040219058766723685	0.11485762612903427	0.005212328394803346	0.0770761804960248	0.17355629434896058	0.22594974988127975	-0.025423421347231058	0.1500040334415631	-0.020492743789998914	0.05821515592859977	0.19567146427189663	0.2062050471539119
275	9.133333333333333	0.29221301158825996	1.634867387493797	-0.025807519317450154	0.048738432211429206	1.3998180179044228	-0.18223591972469944	0.05863768480872245	1.4182927317459952	0.17590209850160685	0.037235394665240576	1.1535093674575836	-0.2624093269763271	0.04652870281765816	1.1836836698267894	0.2720816041268793	0.1323761422316902	0.9785318666717792	-0.23139184217246944	0.10035528095675265	0.9846285804372477	0.2729839970571721	-0.011089349405106814	0.9536962293401027	-0.07074937520056812	0.012920448914255228	0.9608125088315577	0.07049600282276203	-0.004424761093262143	0.544306450360309	-0.09653256048661388	0.07098693281323439	0.6099497660767155	0.16496212581916886	0.006284932647843511	0.15877464962046095	-0.020483233134745163	0.07750293436979112	0.22186326791421407	0.25500860108949325	-4.712028773896259e-05	0.11400180913472935	-0.010015493271016938	0.07808581403740586	0.17498005758301505	0.2570104652940467	-0.021408766047354172	0.15122617555680762	-0.032496298049488	0.05807001151648058	0.19941031025416345	0.24164679094002753
276	9.166666666666666	0.28817249093607317	1.6389107370130251	-0.015734537854071966	0.052444232442780875	1.3987312431852437	-0.18017981027549926	0.04885636912542657	1.4192155866649727	0.17575181305732518	0.04226509037075424	1.1537889535645656	-0.26438684927881007	0.042415691375566396	1.1868683294350149	0.27419008718339066	0.1341317685062696	0.9840241767661413	-0.2220408920768719	0.1065416297091863	0.9913699306158962	0.2756694757480795	-0.002004425149102527	0.953142722338232	-0.06999602804642766	0.003860428373762388	0.961394476459862	0.06975295137562393	0.0048600937063952385	0.5423869321529617	-0.10228350633063504	0.06284587182629478	0.6098078900731742	0.17415568029979953	0.018648687043565777	0.16179433992923997	-0.036992401005303745	0.07202180961219944	0.22413347738005285	0.27518130186301054	0.012958652935246388	0.11753694679638338	-0.027038376644651686	0.07291344260266551	0.17777525456517196	0.2792295943395639	-0.005747800925014949	0.15147537214200468	-0.040350583925443266	0.05278956278758776	0.20118762835049508	0.27469533666492235
277	9.2	0.2838685542814876	1.6430282602331707	-0.00357245184860994	0.058334610717187624	1.4020020055138394	-0.17896340565448973	0.03254839851485418	1.4258340096564848	0.1736014958723257	0.04632478196467926	1.1573889731678357	-0.2665102598575976	0.031313364988468595	1.1938037332009026	0.27750629152379036	0.1255676468341221	0.9902838736534215	-0.21278238246641146	0.10935065611472705	1.0016732806754305	0.28117047737762113	0.01010715576280863	0.9518622761594109	-0.06789951964673738	-0.008250205159364568	0.9626659471057044	0.06768844541435766	0.015697327513024547	0.5425612204365835	-0.10423527783416321	0.04680535263735215	0.6082293006496495	0.17846091646929793	0.028003662233293935	0.16820221600299234	-0.053424878701473444	0.054950055056549006	0.22677214733917994	0.28618270472762475	0.02267312547951417	0.12445343516237917	-0.04432516305651021	0.05600359780142433	0.18103530931429712	0.2923019321667409	0.005643547276529465	0.14789586851181025	-0.044889701496220236	0.035341509122295	0.1974087811363323	0.30054596052154786
278	9.233333333333333	0.28336684418495756	1.6468494735779124	0.008460493909224867	0.0642094372639398	1.407411959989653	-0.1755580156591227	0.021196794101948163	1.4322826032224	0.17385507235874698	0.04774438663237457	1.1635431317636522	-0.266862263424188	0.023459930783976925	1.2001028040379624	0.28024937230273866	0.11326087651362529	0.9929917794524342	-0.20632110723092878	0.11456541245515921	1.0094864780591357	0.2838142316272541	0.019352638076546563	0.9509772787672804	-0.06544112168750658	-0.017509248902838313	0.9635105248173814	0.06529643456616997	0.021507860732487154	0.5445653132271298	-0.1047131078415229	0.029646370033010537	0.6051655126513557	0.18211303946055393	0.029028684016282055	0.1745646807501472	-0.0680572999343061	0.03288675617653039	0.22757981408927497	0.2929197671526613	0.023671099785876688	0.1310274967439884	-0.059987576964982726	0.03377470810780036	0.1822160237399234	0.30078916626764945	0.005940987445428852	0.14113332991307748	-0.04997295645858478	0.011836691690771162	0.18832225375234757	0.3176401392780779
279	9.266666666666667	0.28651798341493445	1.6505035091538265	0.01643875327836329	0.06567205848219787	1.412334769030116	-0.17013865010772036	0.02069839934680518	1.4344251135115478	0.17870778514088012	0.04374584581567288	1.1700310099333622	-0.2656998689104093	0.024373738107312307	1.2024352213018186	0.2812716708581301	0.10238405802181194	0.9902985248863891	-0.20501535236871296	0.12433477353380379	1.0115520290826736	0.2812456569759558	0.021654267948783622	0.9512586235167525	-0.06474837366260651	-0.019830711335810103	0.9631833461016324	0.06468298243099263	0.021444175290714466	0.5472604817602188	-0.1071431904017028	0.020396613118828382	0.6010899198585435	0.18849209682453702	0.024594492674442373	0.17825546348766452	-0.08004271861713948	0.017503148013513672	0.2254922624057495	0.2988722577504766	0.019098384967915327	0.13450634963867814	-0.0728607930301033	0.018099006831806194	0.18007125223992992	0.3076784083523334	-0.0002806448120712874	0.13422172510228825	-0.05947476420939035	-0.0045122020514443755	0.1776639329835591	0.32597894134577987
280	9.3	0.2906948061005844	1.6537094190583543	0.01871836120564505	0.062678827750569	1.4160958023996117	-0.1663735165262523	0.027702063948563053	1.4334335484053562	0.18469680577533215	0.035350600918948316	1.175429696521901	-0.26509366561631625	0.030560107399368586	1.2016234691985057	0.2800202686705881	0.09295918642284612	0.9844290830416318	-0.20860136541874108	0.13427873551581396	1.0099350927723092	0.27535467444423	0.018166967651295073	0.9523405720884828	-0.06622049674713416	-0.016369858240423377	0.9620736013498606	0.06621648312336284	0.018097450360026825	0.5493244935816797	-0.11297766352004984	0.021556036664207988	0.5975266576242189	0.1958081007051501	0.018680038306080234	0.1789841321279163	-0.09058444561661577	0.014415816394449827	0.22224644369585334	0.3037671010861447	0.013124828173592035	0.1347829386642755	-0.08413654079628256	0.014928512165266184	0.17650897001608268	0.31258572081011204	-0.00736120341405054	0.12934646235629588	-0.07462800144010912	-0.006820157791251288	0.16962622945898198	0.3269090622642917
281	9.333333333333334	0.2942064367074384	1.6555544427724174	0.016968392625310608	0.059688546530686504	1.4193091964147873	-0.16762523747589697	0.035587739672285255	1.4329282477450644	0.18633964088227434	0.027360646040778716	1.1795188311940097	-0.26718467406701696	0.035587438906744435	1.2009243057290906	0.2764390097162356	0.08359980086474933	0.9791387408970094	-0.21446136327793225	0.13910337239422232	1.0089207684713575	0.26912294412152715	0.013038469233520452	0.9532951725243047	-0.06808571870195466	-0.011273799234713864	0.9611176011649649	0.06811196888567196	0.013546630997686883	0.550049360044601	-0.12095581324800182	0.02867296254835849	0.5961358793799512	0.19948617015552447	0.011927433706594489	0.17790578804614043	-0.10136833735965635	0.020473818411335835	0.22065494495574556	0.3060436483753734	0.006320013602431819	0.13330173742095386	-0.09572770934183003	0.021232470655926684	0.17464219092395905	0.31435348623209985	-0.014764756910613448	0.12672413380558978	-0.09321177379001562	0.0013150234555405808	0.16620377679565823	0.3230005571103903
282	9.366666666666667	0.29703839728921144	1.6559494866970472	0.013684675881510802	0.05914900661284516	1.4224580181953694	-0.1732658689764445	0.04152721607568039	1.4342720306766668	0.1828277547717258	0.022154631403509314	1.1827594437310003	-0.2718730346113592	0.03742035485357671	1.2018155564200892	0.2712907300746814	0.0740078335028393	0.975749323923601	-0.22045982818433835	0.13868520722578345	1.010072051644276	0.26368636052682765	0.008660520425795503	0.9537615048668411	-0.06912002853491206	-0.006930243543891248	0.9606684277224662	0.06915491501035409	0.008550866854482418	0.5497346060025099	-0.12936626804952983	0.037054424839666124	0.5968770005381779	0.19859837373176237	0.003982424176224424	0.1761688661447115	-0.112795488745358	0.03003584090564921	0.22135432055541981	0.3059328058746097	-0.0017569236782410652	0.13130815135431162	-0.10812345941161117	0.03124472274641026	0.17521125144068006	0.3136292993225507	-0.023474452777227213	0.1254195590456758	-0.11250916820180472	0.013257169761969056	0.16625716576111516	0.31695424783042087
